[H[2J[1m╭─ SYMPHONY STATUS[0m
[1m│ Agents: [0m[32m1[0m[90m/[0m[90m1[0m
[1m│ Throughput: [0m[36m0 tps[0m
[1m│ Runtime: [0m[35m0m 0s[0m
[1m│ Tokens: [0m[33min 0[0m[90m | [0m[33mout 0[0m[90m | [0m[33mtotal 0[0m
[1m│ Rate Limits: [0m[90munavailable[0m
[1m│ Project: [0m[36mhttps://linear.app/project/probe/issues[0m
[1m│ Dashboard: [0m[36mhttp://127.0.0.1:42825/[0m
[1m│ Next refresh: [0m[36m1s[0m
[1m├─ Running[0m
│
│   [90mID       STAGE          PID      AGE / TURN   TOKENS     SESSION        EVENT                                       [0m
│   [90m────────────────────────────────────────────────────────────────────────────────────────────────────────────────────[0m
│ [34m●[0m [36mPROBE-1 [0m [34mTodo          [0m [33mn/a     [0m [35m0m 0s       [0m [33m         0[0m [36mn/a           [0m [34mno codex message yet                        [0m
│
[1m├─ Backoff queue[0m
│
│  [90mNo queued retries[0m
╰─
[H[2J[1m╭─ SYMPHONY STATUS[0m
[1m│ Agents: [0m[32m0[0m[90m/[0m[90m1[0m
[1m│ Throughput: [0m[36m0 tps[0m
[1m│ Runtime: [0m[35m0m 0s[0m
[1m│ Tokens: [0m[33min 0[0m[90m | [0m[33mout 0[0m[90m | [0m[33mtotal 0[0m
[1m│ Rate Limits: [0m[90munavailable[0m
[1m│ Project: [0m[36mhttps://linear.app/project/probe/issues[0m
[1m│ Dashboard: [0m[36mhttp://127.0.0.1:42825/[0m
[1m│ Next refresh: [0m[36m1s[0m
[1m├─ Running[0m
│
│   [90mID       STAGE          PID      AGE / TURN   TOKENS     SESSION        EVENT                                       [0m
│   [90m────────────────────────────────────────────────────────────────────────────────────────────────────────────────────[0m
│  [90mNo active agents[0m
│
[1m├─ Backoff queue[0m
│
│  [33m↻[0m [31mPROBE-1[0m [33mattempt=1[0m[2m in [0m[36m9.997s[0m [2merror=agent exited: {%RuntimeError{message: "Agent run failed for issue_id=probe-1 issue_identifier=PR...[0m
╰─
[H[2J[1m╭─ SYMPHONY STATUS[0m
[1m│ Agents: [0m[32m0[0m[90m/[0m[90m1[0m
[1m│ Throughput: [0m[36m0 tps[0m
[1m│ Runtime: [0m[35m0m 0s[0m
[1m│ Tokens: [0m[33min 0[0m[90m | [0m[33mout 0[0m[90m | [0m[33mtotal 0[0m
[1m│ Rate Limits: [0m[90munavailable[0m
[1m│ Project: [0m[36mhttps://linear.app/project/probe/issues[0m
[1m│ Dashboard: [0m[36mhttp://127.0.0.1:42825/[0m
[1m│ Next refresh: [0m[36mchecking now…[0m
[1m├─ Running[0m
│
│   [90mID       STAGE          PID      AGE / TURN   TOKENS     SESSION        EVENT                                       [0m
│   [90m────────────────────────────────────────────────────────────────────────────────────────────────────────────────────[0m
│  [90mNo active agents[0m
│
[1m├─ Backoff queue[0m
│
│  [33m↻[0m [31mPROBE-1[0m [33mattempt=1[0m[2m in [0m[36m9.976s[0m [2merror=agent exited: {%RuntimeError{message: "Agent run failed for issue_id=probe-1 issue_identifier=PR...[0m
╰─
[H[2J[1m╭─ SYMPHONY STATUS[0m
[1m│ Agents: [0m[32m0[0m[90m/[0m[90m1[0m
[1m│ Throughput: [0m[36m0 tps[0m
[1m│ Runtime: [0m[35m0m 0s[0m
[1m│ Tokens: [0m[33min 0[0m[90m | [0m[33mout 0[0m[90m | [0m[33mtotal 0[0m
[1m│ Rate Limits: [0m[90munavailable[0m
[1m│ Project: [0m[36mhttps://linear.app/project/probe/issues[0m
[1m│ Dashboard: [0m[36mhttp://127.0.0.1:42825/[0m
[1m│ Next refresh: [0m[36m1s[0m
[1m├─ Running[0m
│
│   [90mID       STAGE          PID      AGE / TURN   TOKENS     SESSION        EVENT                                       [0m
│   [90m────────────────────────────────────────────────────────────────────────────────────────────────────────────────────[0m
│  [90mNo active agents[0m
│
[1m├─ Backoff queue[0m
│
│  [33m↻[0m [31mPROBE-1[0m [33mattempt=1[0m[2m in [0m[36m9.951s[0m [2merror=agent exited: {%RuntimeError{message: "Agent run failed for issue_id=probe-1 issue_identifier=PR...[0m
╰─
[H[2J[1m╭─ SYMPHONY STATUS[0m
[1m│ Agents: [0m[32m0[0m[90m/[0m[90m1[0m
[1m│ Throughput: [0m[36m0 tps[0m
[1m│ Runtime: [0m[35m0m 0s[0m
[1m│ Tokens: [0m[33min 0[0m[90m | [0m[33mout 0[0m[90m | [0m[33mtotal 0[0m
[1m│ Rate Limits: [0m[90munavailable[0m
[1m│ Project: [0m[36mhttps://linear.app/project/probe/issues[0m
[1m│ Dashboard: [0m[36mhttp://127.0.0.1:42825/[0m
[1m│ Next refresh: [0m[36mchecking now…[0m
[1m├─ Running[0m
│
│   [90mID       STAGE          PID      AGE / TURN   TOKENS     SESSION        EVENT                                       [0m
│   [90m────────────────────────────────────────────────────────────────────────────────────────────────────────────────────[0m
│  [90mNo active agents[0m
│
[1m├─ Backoff queue[0m
│
│  [33m↻[0m [31mPROBE-1[0m [33mattempt=1[0m[2m in [0m[36m9.851s[0m [2merror=agent exited: {%RuntimeError{message: "Agent run failed for issue_id=probe-1 issue_identifier=PR...[0m
╰─
[H[2J[1m╭─ SYMPHONY STATUS[0m
[1m│ Agents: [0m[32m0[0m[90m/[0m[90m1[0m
[1m│ Throughput: [0m[36m0 tps[0m
[1m│ Runtime: [0m[35m0m 0s[0m
[1m│ Tokens: [0m[33min 0[0m[90m | [0m[33mout 0[0m[90m | [0m[33mtotal 0[0m
[1m│ Rate Limits: [0m[90munavailable[0m
[1m│ Project: [0m[36mhttps://linear.app/project/probe/issues[0m
[1m│ Dashboard: [0m[36mhttp://127.0.0.1:42825/[0m
[1m│ Next refresh: [0m[36m1s[0m
[1m├─ Running[0m
│
│   [90mID       STAGE          PID      AGE / TURN   TOKENS     SESSION        EVENT                                       [0m
│   [90m────────────────────────────────────────────────────────────────────────────────────────────────────────────────────[0m
│  [90mNo active agents[0m
│
[1m├─ Backoff queue[0m
│
│  [33m↻[0m [31mPROBE-1[0m [33mattempt=1[0m[2m in [0m[36m9.823s[0m [2merror=agent exited: {%RuntimeError{message: "Agent run failed for issue_id=probe-1 issue_identifier=PR...[0m
╰─
[H[2J[1m╭─ SYMPHONY STATUS[0m
[1m│ Agents: [0m[32m0[0m[90m/[0m[90m1[0m
[1m│ Throughput: [0m[36m0 tps[0m
[1m│ Runtime: [0m[35m0m 0s[0m
[1m│ Tokens: [0m[33min 0[0m[90m | [0m[33mout 0[0m[90m | [0m[33mtotal 0[0m
[1m│ Rate Limits: [0m[90munavailable[0m
[1m│ Project: [0m[36mhttps://linear.app/project/probe/issues[0m
[1m│ Dashboard: [0m[36mhttp://127.0.0.1:42825/[0m
[1m│ Next refresh: [0m[36mchecking now…[0m
[1m├─ Running[0m
│
│   [90mID       STAGE          PID      AGE / TURN   TOKENS     SESSION        EVENT                                       [0m
│   [90m────────────────────────────────────────────────────────────────────────────────────────────────────────────────────[0m
│  [90mNo active agents[0m
│
[1m├─ Backoff queue[0m
│
│  [33m↻[0m [31mPROBE-1[0m [33mattempt=1[0m[2m in [0m[36m9.722s[0m [2merror=agent exited: {%RuntimeError{message: "Agent run failed for issue_id=probe-1 issue_identifier=PR...[0m
╰─
[H[2J[1m╭─ SYMPHONY STATUS[0m
[1m│ Agents: [0m[32m0[0m[90m/[0m[90m1[0m
[1m│ Throughput: [0m[36m0 tps[0m
[1m│ Runtime: [0m[35m0m 0s[0m
[1m│ Tokens: [0m[33min 0[0m[90m | [0m[33mout 0[0m[90m | [0m[33mtotal 0[0m
[1m│ Rate Limits: [0m[90munavailable[0m
[1m│ Project: [0m[36mhttps://linear.app/project/probe/issues[0m
[1m│ Dashboard: [0m[36mhttp://127.0.0.1:42825/[0m
[1m│ Next refresh: [0m[36m1s[0m
[1m├─ Running[0m
│
│   [90mID       STAGE          PID      AGE / TURN   TOKENS     SESSION        EVENT                                       [0m
│   [90m────────────────────────────────────────────────────────────────────────────────────────────────────────────────────[0m
│  [90mNo active agents[0m
│
[1m├─ Backoff queue[0m
│
│  [33m↻[0m [31mPROBE-1[0m [33mattempt=1[0m[2m in [0m[36m9.695s[0m [2merror=agent exited: {%RuntimeError{message: "Agent run failed for issue_id=probe-1 issue_identifier=PR...[0m
╰─
[H[2J[1m╭─ SYMPHONY STATUS[0m
[1m│ Agents: [0m[32m0[0m[90m/[0m[90m1[0m
[1m│ Throughput: [0m[36m0 tps[0m
[1m│ Runtime: [0m[35m0m 0s[0m
[1m│ Tokens: [0m[33min 0[0m[90m | [0m[33mout 0[0m[90m | [0m[33mtotal 0[0m
[1m│ Rate Limits: [0m[90munavailable[0m
[1m│ Project: [0m[36mhttps://linear.app/project/probe/issues[0m
[1m│ Dashboard: [0m[36mhttp://127.0.0.1:42825/[0m
[1m│ Next refresh: [0m[36mchecking now…[0m
[1m├─ Running[0m
│
│   [90mID       STAGE          PID      AGE / TURN   TOKENS     SESSION        EVENT                                       [0m
│   [90m────────────────────────────────────────────────────────────────────────────────────────────────────────────────────[0m
│  [90mNo active agents[0m
│
[1m├─ Backoff queue[0m
│
│  [33m↻[0m [31mPROBE-1[0m [33mattempt=1[0m[2m in [0m[36m9.595s[0m [2merror=agent exited: {%RuntimeError{message: "Agent run failed for issue_id=probe-1 issue_identifier=PR...[0m
╰─
[H[2J[1m╭─ SYMPHONY STATUS[0m
[1m│ Agents: [0m[32m0[0m[90m/[0m[90m1[0m
[1m│ Throughput: [0m[36m0 tps[0m
[1m│ Runtime: [0m[35m0m 0s[0m
[1m│ Tokens: [0m[33min 0[0m[90m | [0m[33mout 0[0m[90m | [0m[33mtotal 0[0m
[1m│ Rate Limits: [0m[90munavailable[0m
[1m│ Project: [0m[36mhttps://linear.app/project/probe/issues[0m
[1m│ Dashboard: [0m[36mhttp://127.0.0.1:42825/[0m
[1m│ Next refresh: [0m[36m1s[0m
[1m├─ Running[0m
│
│   [90mID       STAGE          PID      AGE / TURN   TOKENS     SESSION        EVENT                                       [0m
│   [90m────────────────────────────────────────────────────────────────────────────────────────────────────────────────────[0m
│  [90mNo active agents[0m
│
[1m├─ Backoff queue[0m
│
│  [33m↻[0m [31mPROBE-1[0m [33mattempt=1[0m[2m in [0m[36m9.570s[0m [2merror=agent exited: {%RuntimeError{message: "Agent run failed for issue_id=probe-1 issue_identifier=PR...[0m
╰─
[H[2J[1m╭─ SYMPHONY STATUS[0m
[1m│ Agents: [0m[32m0[0m[90m/[0m[90m1[0m
[1m│ Throughput: [0m[36m0 tps[0m
[1m│ Runtime: [0m[35m0m 0s[0m
[1m│ Tokens: [0m[33min 0[0m[90m | [0m[33mout 0[0m[90m | [0m[33mtotal 0[0m
[1m│ Rate Limits: [0m[90munavailable[0m
[1m│ Project: [0m[36mhttps://linear.app/project/probe/issues[0m
[1m│ Dashboard: [0m[36mhttp://127.0.0.1:42825/[0m
[1m│ Next refresh: [0m[36mchecking now…[0m
[1m├─ Running[0m
│
│   [90mID       STAGE          PID      AGE / TURN   TOKENS     SESSION        EVENT                                       [0m
│   [90m────────────────────────────────────────────────────────────────────────────────────────────────────────────────────[0m
│  [90mNo active agents[0m
│
[1m├─ Backoff queue[0m
│
│  [33m↻[0m [31mPROBE-1[0m [33mattempt=1[0m[2m in [0m[36m9.469s[0m [2merror=agent exited: {%RuntimeError{message: "Agent run failed for issue_id=probe-1 issue_identifier=PR...[0m
╰─
[H[2J[1m╭─ SYMPHONY STATUS[0m
[1m│ Agents: [0m[32m0[0m[90m/[0m[90m1[0m
[1m│ Throughput: [0m[36m0 tps[0m
[1m│ Runtime: [0m[35m0m 0s[0m
[1m│ Tokens: [0m[33min 0[0m[90m | [0m[33mout 0[0m[90m | [0m[33mtotal 0[0m
[1m│ Rate Limits: [0m[90munavailable[0m
[1m│ Project: [0m[36mhttps://linear.app/project/probe/issues[0m
[1m│ Dashboard: [0m[36mhttp://127.0.0.1:42825/[0m
[1m│ Next refresh: [0m[36m1s[0m
[1m├─ Running[0m
│
│   [90mID       STAGE          PID      AGE / TURN   TOKENS     SESSION        EVENT                                       [0m
│   [90m────────────────────────────────────────────────────────────────────────────────────────────────────────────────────[0m
│  [90mNo active agents[0m
│
[1m├─ Backoff queue[0m
│
│  [33m↻[0m [31mPROBE-1[0m [33mattempt=1[0m[2m in [0m[36m9.440s[0m [2merror=agent exited: {%RuntimeError{message: "Agent run failed for issue_id=probe-1 issue_identifier=PR...[0m
╰─
[H[2J[1m╭─ SYMPHONY STATUS[0m
[1m│ Agents: [0m[32m0[0m[90m/[0m[90m1[0m
[1m│ Throughput: [0m[36m0 tps[0m
[1m│ Runtime: [0m[35m0m 0s[0m
[1m│ Tokens: [0m[33min 0[0m[90m | [0m[33mout 0[0m[90m | [0m[33mtotal 0[0m
[1m│ Rate Limits: [0m[90munavailable[0m
[1m│ Project: [0m[36mhttps://linear.app/project/probe/issues[0m
[1m│ Dashboard: [0m[36mhttp://127.0.0.1:42825/[0m
[1m│ Next refresh: [0m[36mchecking now…[0m
[1m├─ Running[0m
│
│   [90mID       STAGE          PID      AGE / TURN   TOKENS     SESSION        EVENT                                       [0m
│   [90m────────────────────────────────────────────────────────────────────────────────────────────────────────────────────[0m
│  [90mNo active agents[0m
│
[1m├─ Backoff queue[0m
│
│  [33m↻[0m [31mPROBE-1[0m [33mattempt=1[0m[2m in [0m[36m9.339s[0m [2merror=agent exited: {%RuntimeError{message: "Agent run failed for issue_id=probe-1 issue_identifier=PR...[0m
╰─
[H[2J[1m╭─ SYMPHONY STATUS[0m
[1m│ Agents: [0m[32m0[0m[90m/[0m[90m1[0m
[1m│ Throughput: [0m[36m0 tps[0m
[1m│ Runtime: [0m[35m0m 0s[0m
[1m│ Tokens: [0m[33min 0[0m[90m | [0m[33mout 0[0m[90m | [0m[33mtotal 0[0m
[1m│ Rate Limits: [0m[90munavailable[0m
[1m│ Project: [0m[36mhttps://linear.app/project/probe/issues[0m
[1m│ Dashboard: [0m[36mhttp://127.0.0.1:42825/[0m
[1m│ Next refresh: [0m[36m1s[0m
[1m├─ Running[0m
│
│   [90mID       STAGE          PID      AGE / TURN   TOKENS     SESSION        EVENT                                       [0m
│   [90m────────────────────────────────────────────────────────────────────────────────────────────────────────────────────[0m
│  [90mNo active agents[0m
│
[1m├─ Backoff queue[0m
│
│  [33m↻[0m [31mPROBE-1[0m [33mattempt=1[0m[2m in [0m[36m9.311s[0m [2merror=agent exited: {%RuntimeError{message: "Agent run failed for issue_id=probe-1 issue_identifier=PR...[0m
╰─
[H[2J[1m╭─ SYMPHONY STATUS[0m
[1m│ Agents: [0m[32m0[0m[90m/[0m[90m1[0m
[1m│ Throughput: [0m[36m0 tps[0m
[1m│ Runtime: [0m[35m0m 0s[0m
[1m│ Tokens: [0m[33min 0[0m[90m | [0m[33mout 0[0m[90m | [0m[33mtotal 0[0m
[1m│ Rate Limits: [0m[90munavailable[0m
[1m│ Project: [0m[36mhttps://linear.app/project/probe/issues[0m
[1m│ Dashboard: [0m[36mhttp://127.0.0.1:42825/[0m
[1m│ Next refresh: [0m[36mchecking now…[0m
[1m├─ Running[0m
│
│   [90mID       STAGE          PID      AGE / TURN   TOKENS     SESSION        EVENT                                       [0m
│   [90m────────────────────────────────────────────────────────────────────────────────────────────────────────────────────[0m
│  [90mNo active agents[0m
│
[1m├─ Backoff queue[0m
│
│  [33m↻[0m [31mPROBE-1[0m [33mattempt=1[0m[2m in [0m[36m9.209s[0m [2merror=agent exited: {%RuntimeError{message: "Agent run failed for issue_id=probe-1 issue_identifier=PR...[0m
╰─
[H[2J[1m╭─ SYMPHONY STATUS[0m
[1m│ Agents: [0m[32m0[0m[90m/[0m[90m1[0m
[1m│ Throughput: [0m[36m0 tps[0m
[1m│ Runtime: [0m[35m0m 0s[0m
[1m│ Tokens: [0m[33min 0[0m[90m | [0m[33mout 0[0m[90m | [0m[33mtotal 0[0m
[1m│ Rate Limits: [0m[90munavailable[0m
[1m│ Project: [0m[36mhttps://linear.app/project/probe/issues[0m
[1m│ Dashboard: [0m[36mhttp://127.0.0.1:42825/[0m
[1m│ Next refresh: [0m[36m1s[0m
[1m├─ Running[0m
│
│   [90mID       STAGE          PID      AGE / TURN   TOKENS     SESSION        EVENT                                       [0m
│   [90m────────────────────────────────────────────────────────────────────────────────────────────────────────────────────[0m
│  [90mNo active agents[0m
│
[1m├─ Backoff queue[0m
│
│  [33m↻[0m [31mPROBE-1[0m [33mattempt=1[0m[2m in [0m[36m9.183s[0m [2merror=agent exited: {%RuntimeError{message: "Agent run failed for issue_id=probe-1 issue_identifier=PR...[0m
╰─
[H[2J[1m╭─ SYMPHONY STATUS[0m
[1m│ Agents: [0m[32m0[0m[90m/[0m[90m1[0m
[1m│ Throughput: [0m[36m0 tps[0m
[1m│ Runtime: [0m[35m0m 0s[0m
[1m│ Tokens: [0m[33min 0[0m[90m | [0m[33mout 0[0m[90m | [0m[33mtotal 0[0m
[1m│ Rate Limits: [0m[90munavailable[0m
[1m│ Project: [0m[36mhttps://linear.app/project/probe/issues[0m
[1m│ Dashboard: [0m[36mhttp://127.0.0.1:42825/[0m
[1m│ Next refresh: [0m[36mchecking now…[0m
[1m├─ Running[0m
│
│   [90mID       STAGE          PID      AGE / TURN   TOKENS     SESSION        EVENT                                       [0m
│   [90m────────────────────────────────────────────────────────────────────────────────────────────────────────────────────[0m
│  [90mNo active agents[0m
│
[1m├─ Backoff queue[0m
│
│  [33m↻[0m [31mPROBE-1[0m [33mattempt=1[0m[2m in [0m[36m9.082s[0m [2merror=agent exited: {%RuntimeError{message: "Agent run failed for issue_id=probe-1 issue_identifier=PR...[0m
╰─
[H[2J[1m╭─ SYMPHONY STATUS[0m
[1m│ Agents: [0m[32m0[0m[90m/[0m[90m1[0m
[1m│ Throughput: [0m[36m0 tps[0m
[1m│ Runtime: [0m[35m0m 0s[0m
[1m│ Tokens: [0m[33min 0[0m[90m | [0m[33mout 0[0m[90m | [0m[33mtotal 0[0m
[1m│ Rate Limits: [0m[90munavailable[0m
[1m│ Project: [0m[36mhttps://linear.app/project/probe/issues[0m
[1m│ Dashboard: [0m[36mhttp://127.0.0.1:42825/[0m
[1m│ Next refresh: [0m[36mchecking now…[0m
[1m├─ Running[0m
│
│   [90mID       STAGE          PID      AGE / TURN   TOKENS     SESSION        EVENT                                       [0m
│   [90m────────────────────────────────────────────────────────────────────────────────────────────────────────────────────[0m
│  [90mNo active agents[0m
│
[1m├─ Backoff queue[0m
│
│  [33m↻[0m [31mPROBE-1[0m [33mattempt=1[0m[2m in [0m[36m9.072s[0m [2merror=agent exited: {%RuntimeError{message: "Agent run failed for issue_id=probe-1 issue_identifier=PR...[0m
╰─
[H[2J[1m╭─ SYMPHONY STATUS[0m
[1m│ Agents: [0m[32m0[0m[90m/[0m[90m1[0m
[1m│ Throughput: [0m[36m0 tps[0m
[1m│ Runtime: [0m[35m0m 0s[0m
[1m│ Tokens: [0m[33min 0[0m[90m | [0m[33mout 0[0m[90m | [0m[33mtotal 0[0m
[1m│ Rate Limits: [0m[90munavailable[0m
[1m│ Project: [0m[36mhttps://linear.app/project/probe/issues[0m
[1m│ Dashboard: [0m[36mhttp://127.0.0.1:42825/[0m
[1m│ Next refresh: [0m[36m1s[0m
[1m├─ Running[0m
│
│   [90mID       STAGE          PID      AGE / TURN   TOKENS     SESSION        EVENT                                       [0m
│   [90m────────────────────────────────────────────────────────────────────────────────────────────────────────────────────[0m
│  [90mNo active agents[0m
│
[1m├─ Backoff queue[0m
│
│  [33m↻[0m [31mPROBE-1[0m [33mattempt=1[0m[2m in [0m[36m9.057s[0m [2merror=agent exited: {%RuntimeError{message: "Agent run failed for issue_id=probe-1 issue_identifier=PR...[0m
╰─
[H[2J[1m╭─ SYMPHONY STATUS[0m
[1m│ Agents: [0m[32m0[0m[90m/[0m[90m1[0m
[1m│ Throughput: [0m[36m0 tps[0m
[1m│ Runtime: [0m[35m0m 0s[0m
[1m│ Tokens: [0m[33min 0[0m[90m | [0m[33mout 0[0m[90m | [0m[33mtotal 0[0m
[1m│ Rate Limits: [0m[90munavailable[0m
[1m│ Project: [0m[36mhttps://linear.app/project/probe/issues[0m
[1m│ Dashboard: [0m[36mhttp://127.0.0.1:42825/[0m
[1m│ Next refresh: [0m[36mchecking now…[0m
[1m├─ Running[0m
│
│   [90mID       STAGE          PID      AGE / TURN   TOKENS     SESSION        EVENT                                       [0m
│   [90m────────────────────────────────────────────────────────────────────────────────────────────────────────────────────[0m
│  [90mNo active agents[0m
│
[1m├─ Backoff queue[0m
│
│  [33m↻[0m [31mPROBE-1[0m [33mattempt=1[0m[2m in [0m[36m8.956s[0m [2merror=agent exited: {%RuntimeError{message: "Agent run failed for issue_id=probe-1 issue_identifier=PR...[0m
╰─
[H[2J[1m╭─ SYMPHONY STATUS[0m
[1m│ Agents: [0m[32m0[0m[90m/[0m[90m1[0m
[1m│ Throughput: [0m[36m0 tps[0m
[1m│ Runtime: [0m[35m0m 0s[0m
[1m│ Tokens: [0m[33min 0[0m[90m | [0m[33mout 0[0m[90m | [0m[33mtotal 0[0m
[1m│ Rate Limits: [0m[90munavailable[0m
[1m│ Project: [0m[36mhttps://linear.app/project/probe/issues[0m
[1m│ Dashboard: [0m[36mhttp://127.0.0.1:42825/[0m
[1m│ Next refresh: [0m[36m1s[0m
[1m├─ Running[0m
│
│   [90mID       STAGE          PID      AGE / TURN   TOKENS     SESSION        EVENT                                       [0m
│   [90m────────────────────────────────────────────────────────────────────────────────────────────────────────────────────[0m
│  [90mNo active agents[0m
│
[1m├─ Backoff queue[0m
│
│  [33m↻[0m [31mPROBE-1[0m [33mattempt=1[0m[2m in [0m[36m8.928s[0m [2merror=agent exited: {%RuntimeError{message: "Agent run failed for issue_id=probe-1 issue_identifier=PR...[0m
╰─
[H[2J[1m╭─ SYMPHONY STATUS[0m
[1m│ Agents: [0m[32m0[0m[90m/[0m[90m1[0m
[1m│ Throughput: [0m[36m0 tps[0m
[1m│ Runtime: [0m[35m0m 0s[0m
[1m│ Tokens: [0m[33min 0[0m[90m | [0m[33mout 0[0m[90m | [0m[33mtotal 0[0m
[1m│ Rate Limits: [0m[90munavailable[0m
[1m│ Project: [0m[36mhttps://linear.app/project/probe/issues[0m
[1m│ Dashboard: [0m[36mhttp://127.0.0.1:42825/[0m
[1m│ Next refresh: [0m[36mchecking now…[0m
[1m├─ Running[0m
│
│   [90mID       STAGE          PID      AGE / TURN   TOKENS     SESSION        EVENT                                       [0m
│   [90m────────────────────────────────────────────────────────────────────────────────────────────────────────────────────[0m
│  [90mNo active agents[0m
│
[1m├─ Backoff queue[0m
│
│  [33m↻[0m [31mPROBE-1[0m [33mattempt=1[0m[2m in [0m[36m8.826s[0m [2merror=agent exited: {%RuntimeError{message: "Agent run failed for issue_id=probe-1 issue_identifier=PR...[0m
╰─
[H[2J[1m╭─ SYMPHONY STATUS[0m
[1m│ Agents: [0m[32m0[0m[90m/[0m[90m1[0m
[1m│ Throughput: [0m[36m0 tps[0m
[1m│ Runtime: [0m[35m0m 0s[0m
[1m│ Tokens: [0m[33min 0[0m[90m | [0m[33mout 0[0m[90m | [0m[33mtotal 0[0m
[1m│ Rate Limits: [0m[90munavailable[0m
[1m│ Project: [0m[36mhttps://linear.app/project/probe/issues[0m
[1m│ Dashboard: [0m[36mhttp://127.0.0.1:42825/[0m
[1m│ Next refresh: [0m[36m1s[0m
[1m├─ Running[0m
│
│   [90mID       STAGE          PID      AGE / TURN   TOKENS     SESSION        EVENT                                       [0m
│   [90m────────────────────────────────────────────────────────────────────────────────────────────────────────────────────[0m
│  [90mNo active agents[0m
│
[1m├─ Backoff queue[0m
│
│  [33m↻[0m [31mPROBE-1[0m [33mattempt=1[0m[2m in [0m[36m8.799s[0m [2merror=agent exited: {%RuntimeError{message: "Agent run failed for issue_id=probe-1 issue_identifier=PR...[0m
╰─
[H[2J[1m╭─ SYMPHONY STATUS[0m
[1m│ Agents: [0m[32m0[0m[90m/[0m[90m1[0m
[1m│ Throughput: [0m[36m0 tps[0m
[1m│ Runtime: [0m[35m0m 0s[0m
[1m│ Tokens: [0m[33min 0[0m[90m | [0m[33mout 0[0m[90m | [0m[33mtotal 0[0m
[1m│ Rate Limits: [0m[90munavailable[0m
[1m│ Project: [0m[36mhttps://linear.app/project/probe/issues[0m
[1m│ Dashboard: [0m[36mhttp://127.0.0.1:42825/[0m
[1m│ Next refresh: [0m[36mchecking now…[0m
[1m├─ Running[0m
│
│   [90mID       STAGE          PID      AGE / TURN   TOKENS     SESSION        EVENT                                       [0m
│   [90m────────────────────────────────────────────────────────────────────────────────────────────────────────────────────[0m
│  [90mNo active agents[0m
│
[1m├─ Backoff queue[0m
│
│  [33m↻[0m [31mPROBE-1[0m [33mattempt=1[0m[2m in [0m[36m8.698s[0m [2merror=agent exited: {%RuntimeError{message: "Agent run failed for issue_id=probe-1 issue_identifier=PR...[0m
╰─
[H[2J[1m╭─ SYMPHONY STATUS[0m
[1m│ Agents: [0m[32m0[0m[90m/[0m[90m1[0m
[1m│ Throughput: [0m[36m0 tps[0m
[1m│ Runtime: [0m[35m0m 0s[0m
[1m│ Tokens: [0m[33min 0[0m[90m | [0m[33mout 0[0m[90m | [0m[33mtotal 0[0m
[1m│ Rate Limits: [0m[90munavailable[0m
[1m│ Project: [0m[36mhttps://linear.app/project/probe/issues[0m
[1m│ Dashboard: [0m[36mhttp://127.0.0.1:42825/[0m
[1m│ Next refresh: [0m[36m1s[0m
[1m├─ Running[0m
│
│   [90mID       STAGE          PID      AGE / TURN   TOKENS     SESSION        EVENT                                       [0m
│   [90m────────────────────────────────────────────────────────────────────────────────────────────────────────────────────[0m
│  [90mNo active agents[0m
│
[1m├─ Backoff queue[0m
│
│  [33m↻[0m [31mPROBE-1[0m [33mattempt=1[0m[2m in [0m[36m8.671s[0m [2merror=agent exited: {%RuntimeError{message: "Agent run failed for issue_id=probe-1 issue_identifier=PR...[0m
╰─
[H[2J[1m╭─ SYMPHONY STATUS[0m
[1m│ Agents: [0m[32m0[0m[90m/[0m[90m1[0m
[1m│ Throughput: [0m[36m0 tps[0m
[1m│ Runtime: [0m[35m0m 0s[0m
[1m│ Tokens: [0m[33min 0[0m[90m | [0m[33mout 0[0m[90m | [0m[33mtotal 0[0m
[1m│ Rate Limits: [0m[90munavailable[0m
[1m│ Project: [0m[36mhttps://linear.app/project/probe/issues[0m
[1m│ Dashboard: [0m[36mhttp://127.0.0.1:42825/[0m
[1m│ Next refresh: [0m[36mchecking now…[0m
[1m├─ Running[0m
│
│   [90mID       STAGE          PID      AGE / TURN   TOKENS     SESSION        EVENT                                       [0m
│   [90m────────────────────────────────────────────────────────────────────────────────────────────────────────────────────[0m
│  [90mNo active agents[0m
│
[1m├─ Backoff queue[0m
│
│  [33m↻[0m [31mPROBE-1[0m [33mattempt=1[0m[2m in [0m[36m8.570s[0m [2merror=agent exited: {%RuntimeError{message: "Agent run failed for issue_id=probe-1 issue_identifier=PR...[0m
╰─
[H[2J[1m╭─ SYMPHONY STATUS[0m
[1m│ Agents: [0m[32m0[0m[90m/[0m[90m1[0m
[1m│ Throughput: [0m[36m0 tps[0m
[1m│ Runtime: [0m[35m0m 0s[0m
[1m│ Tokens: [0m[33min 0[0m[90m | [0m[33mout 0[0m[90m | [0m[33mtotal 0[0m
[1m│ Rate Limits: [0m[90munavailable[0m
[1m│ Project: [0m[36mhttps://linear.app/project/probe/issues[0m
[1m│ Dashboard: [0m[36mhttp://127.0.0.1:42825/[0m
[1m│ Next refresh: [0m[36m1s[0m
[1m├─ Running[0m
│
│   [90mID       STAGE          PID      AGE / TURN   TOKENS     SESSION        EVENT                                       [0m
│   [90m────────────────────────────────────────────────────────────────────────────────────────────────────────────────────[0m
│  [90mNo active agents[0m
│
[1m├─ Backoff queue[0m
│
│  [33m↻[0m [31mPROBE-1[0m [33mattempt=1[0m[2m in [0m[36m8.545s[0m [2merror=agent exited: {%RuntimeError{message: "Agent run failed for issue_id=probe-1 issue_identifier=PR...[0m
╰─
[H[2J[1m╭─ SYMPHONY STATUS[0m
[1m│ Agents: [0m[32m0[0m[90m/[0m[90m1[0m
[1m│ Throughput: [0m[36m0 tps[0m
[1m│ Runtime: [0m[35m0m 0s[0m
[1m│ Tokens: [0m[33min 0[0m[90m | [0m[33mout 0[0m[90m | [0m[33mtotal 0[0m
[1m│ Rate Limits: [0m[90munavailable[0m
[1m│ Project: [0m[36mhttps://linear.app/project/probe/issues[0m
[1m│ Dashboard: [0m[36mhttp://127.0.0.1:42825/[0m
[1m│ Next refresh: [0m[36mchecking now…[0m
[1m├─ Running[0m
│
│   [90mID       STAGE          PID      AGE / TURN   TOKENS     SESSION        EVENT                                       [0m
│   [90m────────────────────────────────────────────────────────────────────────────────────────────────────────────────────[0m
│  [90mNo active agents[0m
│
[1m├─ Backoff queue[0m
│
│  [33m↻[0m [31mPROBE-1[0m [33mattempt=1[0m[2m in [0m[36m8.444s[0m [2merror=agent exited: {%RuntimeError{message: "Agent run failed for issue_id=probe-1 issue_identifier=PR...[0m
╰─
[H[2J[1m╭─ SYMPHONY STATUS[0m
[1m│ Agents: [0m[32m0[0m[90m/[0m[90m1[0m
[1m│ Throughput: [0m[36m0 tps[0m
[1m│ Runtime: [0m[35m0m 0s[0m
[1m│ Tokens: [0m[33min 0[0m[90m | [0m[33mout 0[0m[90m | [0m[33mtotal 0[0m
[1m│ Rate Limits: [0m[90munavailable[0m
[1m│ Project: [0m[36mhttps://linear.app/project/probe/issues[0m
[1m│ Dashboard: [0m[36mhttp://127.0.0.1:42825/[0m
[1m│ Next refresh: [0m[36m1s[0m
[1m├─ Running[0m
│
│   [90mID       STAGE          PID      AGE / TURN   TOKENS     SESSION        EVENT                                       [0m
│   [90m────────────────────────────────────────────────────────────────────────────────────────────────────────────────────[0m
│  [90mNo active agents[0m
│
[1m├─ Backoff queue[0m
│
│  [33m↻[0m [31mPROBE-1[0m [33mattempt=1[0m[2m in [0m[36m8.414s[0m [2merror=agent exited: {%RuntimeError{message: "Agent run failed for issue_id=probe-1 issue_identifier=PR...[0m
╰─
[H[2J[1m╭─ SYMPHONY STATUS[0m
[1m│ Agents: [0m[32m0[0m[90m/[0m[90m1[0m
[1m│ Throughput: [0m[36m0 tps[0m
[1m│ Runtime: [0m[35m0m 0s[0m
[1m│ Tokens: [0m[33min 0[0m[90m | [0m[33mout 0[0m[90m | [0m[33mtotal 0[0m
[1m│ Rate Limits: [0m[90munavailable[0m
[1m│ Project: [0m[36mhttps://linear.app/project/probe/issues[0m
[1m│ Dashboard: [0m[36mhttp://127.0.0.1:42825/[0m
[1m│ Next refresh: [0m[36mchecking now…[0m
[1m├─ Running[0m
│
│   [90mID       STAGE          PID      AGE / TURN   TOKENS     SESSION        EVENT                                       [0m
│   [90m────────────────────────────────────────────────────────────────────────────────────────────────────────────────────[0m
│  [90mNo active agents[0m
│
[1m├─ Backoff queue[0m
│
│  [33m↻[0m [31mPROBE-1[0m [33mattempt=1[0m[2m in [0m[36m8.312s[0m [2merror=agent exited: {%RuntimeError{message: "Agent run failed for issue_id=probe-1 issue_identifier=PR...[0m
╰─
[H[2J[1m╭─ SYMPHONY STATUS[0m
[1m│ Agents: [0m[32m0[0m[90m/[0m[90m1[0m
[1m│ Throughput: [0m[36m0 tps[0m
[1m│ Runtime: [0m[35m0m 0s[0m
[1m│ Tokens: [0m[33min 0[0m[90m | [0m[33mout 0[0m[90m | [0m[33mtotal 0[0m
[1m│ Rate Limits: [0m[90munavailable[0m
[1m│ Project: [0m[36mhttps://linear.app/project/probe/issues[0m
[1m│ Dashboard: [0m[36mhttp://127.0.0.1:42825/[0m
[1m│ Next refresh: [0m[36m1s[0m
[1m├─ Running[0m
│
│   [90mID       STAGE          PID      AGE / TURN   TOKENS     SESSION        EVENT                                       [0m
│   [90m────────────────────────────────────────────────────────────────────────────────────────────────────────────────────[0m
│  [90mNo active agents[0m
│
[1m├─ Backoff queue[0m
│
│  [33m↻[0m [31mPROBE-1[0m [33mattempt=1[0m[2m in [0m[36m8.286s[0m [2merror=agent exited: {%RuntimeError{message: "Agent run failed for issue_id=probe-1 issue_identifier=PR...[0m
╰─
[H[2J[1m╭─ SYMPHONY STATUS[0m
[1m│ Agents: [0m[32m0[0m[90m/[0m[90m1[0m
[1m│ Throughput: [0m[36m0 tps[0m
[1m│ Runtime: [0m[35m0m 0s[0m
[1m│ Tokens: [0m[33min 0[0m[90m | [0m[33mout 0[0m[90m | [0m[33mtotal 0[0m
[1m│ Rate Limits: [0m[90munavailable[0m
[1m│ Project: [0m[36mhttps://linear.app/project/probe/issues[0m
[1m│ Dashboard: [0m[36mhttp://127.0.0.1:42825/[0m
[1m│ Next refresh: [0m[36mchecking now…[0m
[1m├─ Running[0m
│
│   [90mID       STAGE          PID      AGE / TURN   TOKENS     SESSION        EVENT                                       [0m
│   [90m────────────────────────────────────────────────────────────────────────────────────────────────────────────────────[0m
│  [90mNo active agents[0m
│
[1m├─ Backoff queue[0m
│
│  [33m↻[0m [31mPROBE-1[0m [33mattempt=1[0m[2m in [0m[36m8.185s[0m [2merror=agent exited: {%RuntimeError{message: "Agent run failed for issue_id=probe-1 issue_identifier=PR...[0m
╰─
[H[2J[1m╭─ SYMPHONY STATUS[0m
[1m│ Agents: [0m[32m0[0m[90m/[0m[90m1[0m
[1m│ Throughput: [0m[36m0 tps[0m
[1m│ Runtime: [0m[35m0m 0s[0m
[1m│ Tokens: [0m[33min 0[0m[90m | [0m[33mout 0[0m[90m | [0m[33mtotal 0[0m
[1m│ Rate Limits: [0m[90munavailable[0m
[1m│ Project: [0m[36mhttps://linear.app/project/probe/issues[0m
[1m│ Dashboard: [0m[36mhttp://127.0.0.1:42825/[0m
[1m│ Next refresh: [0m[36m1s[0m
[1m├─ Running[0m
│
│   [90mID       STAGE          PID      AGE / TURN   TOKENS     SESSION        EVENT                                       [0m
│   [90m────────────────────────────────────────────────────────────────────────────────────────────────────────────────────[0m
│  [90mNo active agents[0m
│
[1m├─ Backoff queue[0m
│
│  [33m↻[0m [31mPROBE-1[0m [33mattempt=1[0m[2m in [0m[36m8.159s[0m [2merror=agent exited: {%RuntimeError{message: "Agent run failed for issue_id=probe-1 issue_identifier=PR...[0m
╰─
[H[2J[1m╭─ SYMPHONY STATUS[0m
[1m│ Agents: [0m[32m0[0m[90m/[0m[90m1[0m
[1m│ Throughput: [0m[36m0 tps[0m
[1m│ Runtime: [0m[35m0m 0s[0m
[1m│ Tokens: [0m[33min 0[0m[90m | [0m[33mout 0[0m[90m | [0m[33mtotal 0[0m
[1m│ Rate Limits: [0m[90munavailable[0m
[1m│ Project: [0m[36mhttps://linear.app/project/probe/issues[0m
[1m│ Dashboard: [0m[36mhttp://127.0.0.1:42825/[0m
[1m│ Next refresh: [0m[36m1s[0m
[1m├─ Running[0m
│
│   [90mID       STAGE          PID      AGE / TURN   TOKENS     SESSION        EVENT                                       [0m
│   [90m────────────────────────────────────────────────────────────────────────────────────────────────────────────────────[0m
│  [90mNo active agents[0m
│
[1m├─ Backoff queue[0m
│
│  [33m↻[0m [31mPROBE-1[0m [33mattempt=1[0m[2m in [0m[36m8.069s[0m [2merror=agent exited: {%RuntimeError{message: "Agent run failed for issue_id=probe-1 issue_identifier=PR...[0m
╰─
[H[2J[1m╭─ SYMPHONY STATUS[0m
[1m│ Agents: [0m[32m0[0m[90m/[0m[90m1[0m
[1m│ Throughput: [0m[36m0 tps[0m
[1m│ Runtime: [0m[35m0m 0s[0m
[1m│ Tokens: [0m[33min 0[0m[90m | [0m[33mout 0[0m[90m | [0m[33mtotal 0[0m
[1m│ Rate Limits: [0m[90munavailable[0m
[1m│ Project: [0m[36mhttps://linear.app/project/probe/issues[0m
[1m│ Dashboard: [0m[36mhttp://127.0.0.1:42825/[0m
[1m│ Next refresh: [0m[36mchecking now…[0m
[1m├─ Running[0m
│
│   [90mID       STAGE          PID      AGE / TURN   TOKENS     SESSION        EVENT                                       [0m
│   [90m────────────────────────────────────────────────────────────────────────────────────────────────────────────────────[0m
│  [90mNo active agents[0m
│
[1m├─ Backoff queue[0m
│
│  [33m↻[0m [31mPROBE-1[0m [33mattempt=1[0m[2m in [0m[36m8.057s[0m [2merror=agent exited: {%RuntimeError{message: "Agent run failed for issue_id=probe-1 issue_identifier=PR...[0m
╰─
[H[2J[1m╭─ SYMPHONY STATUS[0m
[1m│ Agents: [0m[32m0[0m[90m/[0m[90m1[0m
[1m│ Throughput: [0m[36m0 tps[0m
[1m│ Runtime: [0m[35m0m 0s[0m
[1m│ Tokens: [0m[33min 0[0m[90m | [0m[33mout 0[0m[90m | [0m[33mtotal 0[0m
[1m│ Rate Limits: [0m[90munavailable[0m
[1m│ Project: [0m[36mhttps://linear.app/project/probe/issues[0m
[1m│ Dashboard: [0m[36mhttp://127.0.0.1:42825/[0m
[1m│ Next refresh: [0m[36m1s[0m
[1m├─ Running[0m
│
│   [90mID       STAGE          PID      AGE / TURN   TOKENS     SESSION        EVENT                                       [0m
│   [90m────────────────────────────────────────────────────────────────────────────────────────────────────────────────────[0m
│  [90mNo active agents[0m
│
[1m├─ Backoff queue[0m
│
│  [33m↻[0m [31mPROBE-1[0m [33mattempt=1[0m[2m in [0m[36m8.028s[0m [2merror=agent exited: {%RuntimeError{message: "Agent run failed for issue_id=probe-1 issue_identifier=PR...[0m
╰─
[H[2J[1m╭─ SYMPHONY STATUS[0m
[1m│ Agents: [0m[32m0[0m[90m/[0m[90m1[0m
[1m│ Throughput: [0m[36m0 tps[0m
[1m│ Runtime: [0m[35m0m 0s[0m
[1m│ Tokens: [0m[33min 0[0m[90m | [0m[33mout 0[0m[90m | [0m[33mtotal 0[0m
[1m│ Rate Limits: [0m[90munavailable[0m
[1m│ Project: [0m[36mhttps://linear.app/project/probe/issues[0m
[1m│ Dashboard: [0m[36mhttp://127.0.0.1:42825/[0m
[1m│ Next refresh: [0m[36mchecking now…[0m
[1m├─ Running[0m
│
│   [90mID       STAGE          PID      AGE / TURN   TOKENS     SESSION        EVENT                                       [0m
│   [90m────────────────────────────────────────────────────────────────────────────────────────────────────────────────────[0m
│  [90mNo active agents[0m
│
[1m├─ Backoff queue[0m
│
│  [33m↻[0m [31mPROBE-1[0m [33mattempt=1[0m[2m in [0m[36m7.927s[0m [2merror=agent exited: {%RuntimeError{message: "Agent run failed for issue_id=probe-1 issue_identifier=PR...[0m
╰─
[H[2J[1m╭─ SYMPHONY STATUS[0m
[1m│ Agents: [0m[32m0[0m[90m/[0m[90m1[0m
[1m│ Throughput: [0m[36m0 tps[0m
[1m│ Runtime: [0m[35m0m 0s[0m
[1m│ Tokens: [0m[33min 0[0m[90m | [0m[33mout 0[0m[90m | [0m[33mtotal 0[0m
[1m│ Rate Limits: [0m[90munavailable[0m
[1m│ Project: [0m[36mhttps://linear.app/project/probe/issues[0m
[1m│ Dashboard: [0m[36mhttp://127.0.0.1:42825/[0m
[1m│ Next refresh: [0m[36m1s[0m
[1m├─ Running[0m
│
│   [90mID       STAGE          PID      AGE / TURN   TOKENS     SESSION        EVENT                                       [0m
│   [90m────────────────────────────────────────────────────────────────────────────────────────────────────────────────────[0m
│  [90mNo active agents[0m
│
[1m├─ Backoff queue[0m
│
│  [33m↻[0m [31mPROBE-1[0m [33mattempt=1[0m[2m in [0m[36m7.900s[0m [2merror=agent exited: {%RuntimeError{message: "Agent run failed for issue_id=probe-1 issue_identifier=PR...[0m
╰─
[H[2J[1m╭─ SYMPHONY STATUS[0m
[1m│ Agents: [0m[32m0[0m[90m/[0m[90m1[0m
[1m│ Throughput: [0m[36m0 tps[0m
[1m│ Runtime: [0m[35m0m 0s[0m
[1m│ Tokens: [0m[33min 0[0m[90m | [0m[33mout 0[0m[90m | [0m[33mtotal 0[0m
[1m│ Rate Limits: [0m[90munavailable[0m
[1m│ Project: [0m[36mhttps://linear.app/project/probe/issues[0m
[1m│ Dashboard: [0m[36mhttp://127.0.0.1:42825/[0m
[1m│ Next refresh: [0m[36mchecking now…[0m
[1m├─ Running[0m
│
│   [90mID       STAGE          PID      AGE / TURN   TOKENS     SESSION        EVENT                                       [0m
│   [90m────────────────────────────────────────────────────────────────────────────────────────────────────────────────────[0m
│  [90mNo active agents[0m
│
[1m├─ Backoff queue[0m
│
│  [33m↻[0m [31mPROBE-1[0m [33mattempt=1[0m[2m in [0m[36m7.799s[0m [2merror=agent exited: {%RuntimeError{message: "Agent run failed for issue_id=probe-1 issue_identifier=PR...[0m
╰─
[H[2J[1m╭─ SYMPHONY STATUS[0m
[1m│ Agents: [0m[32m0[0m[90m/[0m[90m1[0m
[1m│ Throughput: [0m[36m0 tps[0m
[1m│ Runtime: [0m[35m0m 0s[0m
[1m│ Tokens: [0m[33min 0[0m[90m | [0m[33mout 0[0m[90m | [0m[33mtotal 0[0m
[1m│ Rate Limits: [0m[90munavailable[0m
[1m│ Project: [0m[36mhttps://linear.app/project/probe/issues[0m
[1m│ Dashboard: [0m[36mhttp://127.0.0.1:42825/[0m
[1m│ Next refresh: [0m[36m1s[0m
[1m├─ Running[0m
│
│   [90mID       STAGE          PID      AGE / TURN   TOKENS     SESSION        EVENT                                       [0m
│   [90m────────────────────────────────────────────────────────────────────────────────────────────────────────────────────[0m
│  [90mNo active agents[0m
│
[1m├─ Backoff queue[0m
│
│  [33m↻[0m [31mPROBE-1[0m [33mattempt=1[0m[2m in [0m[36m7.772s[0m [2merror=agent exited: {%RuntimeError{message: "Agent run failed for issue_id=probe-1 issue_identifier=PR...[0m
╰─
[H[2J[1m╭─ SYMPHONY STATUS[0m
[1m│ Agents: [0m[32m0[0m[90m/[0m[90m1[0m
[1m│ Throughput: [0m[36m0 tps[0m
[1m│ Runtime: [0m[35m0m 0s[0m
[1m│ Tokens: [0m[33min 0[0m[90m | [0m[33mout 0[0m[90m | [0m[33mtotal 0[0m
[1m│ Rate Limits: [0m[90munavailable[0m
[1m│ Project: [0m[36mhttps://linear.app/project/probe/issues[0m
[1m│ Dashboard: [0m[36mhttp://127.0.0.1:42825/[0m
[1m│ Next refresh: [0m[36mchecking now…[0m
[1m├─ Running[0m
│
│   [90mID       STAGE          PID      AGE / TURN   TOKENS     SESSION        EVENT                                       [0m
│   [90m────────────────────────────────────────────────────────────────────────────────────────────────────────────────────[0m
│  [90mNo active agents[0m
│
[1m├─ Backoff queue[0m
│
│  [33m↻[0m [31mPROBE-1[0m [33mattempt=1[0m[2m in [0m[36m7.672s[0m [2merror=agent exited: {%RuntimeError{message: "Agent run failed for issue_id=probe-1 issue_identifier=PR...[0m
╰─
[H[2J[1m╭─ SYMPHONY STATUS[0m
[1m│ Agents: [0m[32m0[0m[90m/[0m[90m1[0m
[1m│ Throughput: [0m[36m0 tps[0m
[1m│ Runtime: [0m[35m0m 0s[0m
[1m│ Tokens: [0m[33min 0[0m[90m | [0m[33mout 0[0m[90m | [0m[33mtotal 0[0m
[1m│ Rate Limits: [0m[90munavailable[0m
[1m│ Project: [0m[36mhttps://linear.app/project/probe/issues[0m
[1m│ Dashboard: [0m[36mhttp://127.0.0.1:42825/[0m
[1m│ Next refresh: [0m[36m1s[0m
[1m├─ Running[0m
│
│   [90mID       STAGE          PID      AGE / TURN   TOKENS     SESSION        EVENT                                       [0m
│   [90m────────────────────────────────────────────────────────────────────────────────────────────────────────────────────[0m
│  [90mNo active agents[0m
│
[1m├─ Backoff queue[0m
│
│  [33m↻[0m [31mPROBE-1[0m [33mattempt=1[0m[2m in [0m[36m7.646s[0m [2merror=agent exited: {%RuntimeError{message: "Agent run failed for issue_id=probe-1 issue_identifier=PR...[0m
╰─
[H[2J[1m╭─ SYMPHONY STATUS[0m
[1m│ Agents: [0m[32m0[0m[90m/[0m[90m1[0m
[1m│ Throughput: [0m[36m0 tps[0m
[1m│ Runtime: [0m[35m0m 0s[0m
[1m│ Tokens: [0m[33min 0[0m[90m | [0m[33mout 0[0m[90m | [0m[33mtotal 0[0m
[1m│ Rate Limits: [0m[90munavailable[0m
[1m│ Project: [0m[36mhttps://linear.app/project/probe/issues[0m
[1m│ Dashboard: [0m[36mhttp://127.0.0.1:42825/[0m
[1m│ Next refresh: [0m[36mchecking now…[0m
[1m├─ Running[0m
│
│   [90mID       STAGE          PID      AGE / TURN   TOKENS     SESSION        EVENT                                       [0m
│   [90m────────────────────────────────────────────────────────────────────────────────────────────────────────────────────[0m
│  [90mNo active agents[0m
│
[1m├─ Backoff queue[0m
│
│  [33m↻[0m [31mPROBE-1[0m [33mattempt=1[0m[2m in [0m[36m7.544s[0m [2merror=agent exited: {%RuntimeError{message: "Agent run failed for issue_id=probe-1 issue_identifier=PR...[0m
╰─
[H[2J[1m╭─ SYMPHONY STATUS[0m
[1m│ Agents: [0m[32m0[0m[90m/[0m[90m1[0m
[1m│ Throughput: [0m[36m0 tps[0m
[1m│ Runtime: [0m[35m0m 0s[0m
[1m│ Tokens: [0m[33min 0[0m[90m | [0m[33mout 0[0m[90m | [0m[33mtotal 0[0m
[1m│ Rate Limits: [0m[90munavailable[0m
[1m│ Project: [0m[36mhttps://linear.app/project/probe/issues[0m
[1m│ Dashboard: [0m[36mhttp://127.0.0.1:42825/[0m
[1m│ Next refresh: [0m[36m1s[0m
[1m├─ Running[0m
│
│   [90mID       STAGE          PID      AGE / TURN   TOKENS     SESSION        EVENT                                       [0m
│   [90m────────────────────────────────────────────────────────────────────────────────────────────────────────────────────[0m
│  [90mNo active agents[0m
│
[1m├─ Backoff queue[0m
│
│  [33m↻[0m [31mPROBE-1[0m [33mattempt=1[0m[2m in [0m[36m7.505s[0m [2merror=agent exited: {%RuntimeError{message: "Agent run failed for issue_id=probe-1 issue_identifier=PR...[0m
╰─
[H[2J[1m╭─ SYMPHONY STATUS[0m
[1m│ Agents: [0m[32m0[0m[90m/[0m[90m1[0m
[1m│ Throughput: [0m[36m0 tps[0m
[1m│ Runtime: [0m[35m0m 0s[0m
[1m│ Tokens: [0m[33min 0[0m[90m | [0m[33mout 0[0m[90m | [0m[33mtotal 0[0m
[1m│ Rate Limits: [0m[90munavailable[0m
[1m│ Project: [0m[36mhttps://linear.app/project/probe/issues[0m
[1m│ Dashboard: [0m[36mhttp://127.0.0.1:42825/[0m
[1m│ Next refresh: [0m[36mchecking now…[0m
[1m├─ Running[0m
│
│   [90mID       STAGE          PID      AGE / TURN   TOKENS     SESSION        EVENT                                       [0m
│   [90m────────────────────────────────────────────────────────────────────────────────────────────────────────────────────[0m
│  [90mNo active agents[0m
│
[1m├─ Backoff queue[0m
│
│  [33m↻[0m [31mPROBE-1[0m [33mattempt=1[0m[2m in [0m[36m7.402s[0m [2merror=agent exited: {%RuntimeError{message: "Agent run failed for issue_id=probe-1 issue_identifier=PR...[0m
╰─
[H[2J[1m╭─ SYMPHONY STATUS[0m
[1m│ Agents: [0m[32m0[0m[90m/[0m[90m1[0m
[1m│ Throughput: [0m[36m0 tps[0m
[1m│ Runtime: [0m[35m0m 0s[0m
[1m│ Tokens: [0m[33min 0[0m[90m | [0m[33mout 0[0m[90m | [0m[33mtotal 0[0m
[1m│ Rate Limits: [0m[90munavailable[0m
[1m│ Project: [0m[36mhttps://linear.app/project/probe/issues[0m
[1m│ Dashboard: [0m[36mhttp://127.0.0.1:42825/[0m
[1m│ Next refresh: [0m[36m1s[0m
[1m├─ Running[0m
│
│   [90mID       STAGE          PID      AGE / TURN   TOKENS     SESSION        EVENT                                       [0m
│   [90m────────────────────────────────────────────────────────────────────────────────────────────────────────────────────[0m
│  [90mNo active agents[0m
│
[1m├─ Backoff queue[0m
│
│  [33m↻[0m [31mPROBE-1[0m [33mattempt=1[0m[2m in [0m[36m7.376s[0m [2merror=agent exited: {%RuntimeError{message: "Agent run failed for issue_id=probe-1 issue_identifier=PR...[0m
╰─
[H[2J[1m╭─ SYMPHONY STATUS[0m
[1m│ Agents: [0m[32m0[0m[90m/[0m[90m1[0m
[1m│ Throughput: [0m[36m0 tps[0m
[1m│ Runtime: [0m[35m0m 0s[0m
[1m│ Tokens: [0m[33min 0[0m[90m | [0m[33mout 0[0m[90m | [0m[33mtotal 0[0m
[1m│ Rate Limits: [0m[90munavailable[0m
[1m│ Project: [0m[36mhttps://linear.app/project/probe/issues[0m
[1m│ Dashboard: [0m[36mhttp://127.0.0.1:42825/[0m
[1m│ Next refresh: [0m[36mchecking now…[0m
[1m├─ Running[0m
│
│   [90mID       STAGE          PID      AGE / TURN   TOKENS     SESSION        EVENT                                       [0m
│   [90m────────────────────────────────────────────────────────────────────────────────────────────────────────────────────[0m
│  [90mNo active agents[0m
│
[1m├─ Backoff queue[0m
│
│  [33m↻[0m [31mPROBE-1[0m [33mattempt=1[0m[2m in [0m[36m7.274s[0m [2merror=agent exited: {%RuntimeError{message: "Agent run failed for issue_id=probe-1 issue_identifier=PR...[0m
╰─
[H[2J[1m╭─ SYMPHONY STATUS[0m
[1m│ Agents: [0m[32m0[0m[90m/[0m[90m1[0m
[1m│ Throughput: [0m[36m0 tps[0m
[1m│ Runtime: [0m[35m0m 0s[0m
[1m│ Tokens: [0m[33min 0[0m[90m | [0m[33mout 0[0m[90m | [0m[33mtotal 0[0m
[1m│ Rate Limits: [0m[90munavailable[0m
[1m│ Project: [0m[36mhttps://linear.app/project/probe/issues[0m
[1m│ Dashboard: [0m[36mhttp://127.0.0.1:42825/[0m
[1m│ Next refresh: [0m[36m1s[0m
[1m├─ Running[0m
│
│   [90mID       STAGE          PID      AGE / TURN   TOKENS     SESSION        EVENT                                       [0m
│   [90m────────────────────────────────────────────────────────────────────────────────────────────────────────────────────[0m
│  [90mNo active agents[0m
│
[1m├─ Backoff queue[0m
│
│  [33m↻[0m [31mPROBE-1[0m [33mattempt=1[0m[2m in [0m[36m7.247s[0m [2merror=agent exited: {%RuntimeError{message: "Agent run failed for issue_id=probe-1 issue_identifier=PR...[0m
╰─
[H[2J[1m╭─ SYMPHONY STATUS[0m
[1m│ Agents: [0m[32m0[0m[90m/[0m[90m1[0m
[1m│ Throughput: [0m[36m0 tps[0m
[1m│ Runtime: [0m[35m0m 0s[0m
[1m│ Tokens: [0m[33min 0[0m[90m | [0m[33mout 0[0m[90m | [0m[33mtotal 0[0m
[1m│ Rate Limits: [0m[90munavailable[0m
[1m│ Project: [0m[36mhttps://linear.app/project/probe/issues[0m
[1m│ Dashboard: [0m[36mhttp://127.0.0.1:42825/[0m
[1m│ Next refresh: [0m[36mchecking now…[0m
[1m├─ Running[0m
│
│   [90mID       STAGE          PID      AGE / TURN   TOKENS     SESSION        EVENT                                       [0m
│   [90m────────────────────────────────────────────────────────────────────────────────────────────────────────────────────[0m
│  [90mNo active agents[0m
│
[1m├─ Backoff queue[0m
│
│  [33m↻[0m [31mPROBE-1[0m [33mattempt=1[0m[2m in [0m[36m7.146s[0m [2merror=agent exited: {%RuntimeError{message: "Agent run failed for issue_id=probe-1 issue_identifier=PR...[0m
╰─
[H[2J[1m╭─ SYMPHONY STATUS[0m
[1m│ Agents: [0m[32m0[0m[90m/[0m[90m1[0m
[1m│ Throughput: [0m[36m0 tps[0m
[1m│ Runtime: [0m[35m0m 0s[0m
[1m│ Tokens: [0m[33min 0[0m[90m | [0m[33mout 0[0m[90m | [0m[33mtotal 0[0m
[1m│ Rate Limits: [0m[90munavailable[0m
[1m│ Project: [0m[36mhttps://linear.app/project/probe/issues[0m
[1m│ Dashboard: [0m[36mhttp://127.0.0.1:42825/[0m
[1m│ Next refresh: [0m[36m1s[0m
[1m├─ Running[0m
│
│   [90mID       STAGE          PID      AGE / TURN   TOKENS     SESSION        EVENT                                       [0m
│   [90m────────────────────────────────────────────────────────────────────────────────────────────────────────────────────[0m
│  [90mNo active agents[0m
│
[1m├─ Backoff queue[0m
│
│  [33m↻[0m [31mPROBE-1[0m [33mattempt=1[0m[2m in [0m[36m7.118s[0m [2merror=agent exited: {%RuntimeError{message: "Agent run failed for issue_id=probe-1 issue_identifier=PR...[0m
╰─
[H[2J[1m╭─ SYMPHONY STATUS[0m
[1m│ Agents: [0m[32m0[0m[90m/[0m[90m1[0m
[1m│ Throughput: [0m[36m0 tps[0m
[1m│ Runtime: [0m[35m0m 0s[0m
[1m│ Tokens: [0m[33min 0[0m[90m | [0m[33mout 0[0m[90m | [0m[33mtotal 0[0m
[1m│ Rate Limits: [0m[90munavailable[0m
[1m│ Project: [0m[36mhttps://linear.app/project/probe/issues[0m
[1m│ Dashboard: [0m[36mhttp://127.0.0.1:42825/[0m
[1m│ Next refresh: [0m[36m1s[0m
[1m├─ Running[0m
│
│   [90mID       STAGE          PID      AGE / TURN   TOKENS     SESSION        EVENT                                       [0m
│   [90m────────────────────────────────────────────────────────────────────────────────────────────────────────────────────[0m
│  [90mNo active agents[0m
│
[1m├─ Backoff queue[0m
│
│  [33m↻[0m [31mPROBE-1[0m [33mattempt=1[0m[2m in [0m[36m7.067s[0m [2merror=agent exited: {%RuntimeError{message: "Agent run failed for issue_id=probe-1 issue_identifier=PR...[0m
╰─
[H[2J[1m╭─ SYMPHONY STATUS[0m
[1m│ Agents: [0m[32m0[0m[90m/[0m[90m1[0m
[1m│ Throughput: [0m[36m0 tps[0m
[1m│ Runtime: [0m[35m0m 0s[0m
[1m│ Tokens: [0m[33min 0[0m[90m | [0m[33mout 0[0m[90m | [0m[33mtotal 0[0m
[1m│ Rate Limits: [0m[90munavailable[0m
[1m│ Project: [0m[36mhttps://linear.app/project/probe/issues[0m
[1m│ Dashboard: [0m[36mhttp://127.0.0.1:42825/[0m
[1m│ Next refresh: [0m[36mchecking now…[0m
[1m├─ Running[0m
│
│   [90mID       STAGE          PID      AGE / TURN   TOKENS     SESSION        EVENT                                       [0m
│   [90m────────────────────────────────────────────────────────────────────────────────────────────────────────────────────[0m
│  [90mNo active agents[0m
│
[1m├─ Backoff queue[0m
│
│  [33m↻[0m [31mPROBE-1[0m [33mattempt=1[0m[2m in [0m[36m7.018s[0m [2merror=agent exited: {%RuntimeError{message: "Agent run failed for issue_id=probe-1 issue_identifier=PR...[0m
╰─
[H[2J[1m╭─ SYMPHONY STATUS[0m
[1m│ Agents: [0m[32m0[0m[90m/[0m[90m1[0m
[1m│ Throughput: [0m[36m0 tps[0m
[1m│ Runtime: [0m[35m0m 0s[0m
[1m│ Tokens: [0m[33min 0[0m[90m | [0m[33mout 0[0m[90m | [0m[33mtotal 0[0m
[1m│ Rate Limits: [0m[90munavailable[0m
[1m│ Project: [0m[36mhttps://linear.app/project/probe/issues[0m
[1m│ Dashboard: [0m[36mhttp://127.0.0.1:42825/[0m
[1m│ Next refresh: [0m[36m1s[0m
[1m├─ Running[0m
│
│   [90mID       STAGE          PID      AGE / TURN   TOKENS     SESSION        EVENT                                       [0m
│   [90m────────────────────────────────────────────────────────────────────────────────────────────────────────────────────[0m
│  [90mNo active agents[0m
│
[1m├─ Backoff queue[0m
│
│  [33m↻[0m [31mPROBE-1[0m [33mattempt=1[0m[2m in [0m[36m6.991s[0m [2merror=agent exited: {%RuntimeError{message: "Agent run failed for issue_id=probe-1 issue_identifier=PR...[0m
╰─
[H[2J[1m╭─ SYMPHONY STATUS[0m
[1m│ Agents: [0m[32m0[0m[90m/[0m[90m1[0m
[1m│ Throughput: [0m[36m0 tps[0m
[1m│ Runtime: [0m[35m0m 0s[0m
[1m│ Tokens: [0m[33min 0[0m[90m | [0m[33mout 0[0m[90m | [0m[33mtotal 0[0m
[1m│ Rate Limits: [0m[90munavailable[0m
[1m│ Project: [0m[36mhttps://linear.app/project/probe/issues[0m
[1m│ Dashboard: [0m[36mhttp://127.0.0.1:42825/[0m
[1m│ Next refresh: [0m[36mchecking now…[0m
[1m├─ Running[0m
│
│   [90mID       STAGE          PID      AGE / TURN   TOKENS     SESSION        EVENT                                       [0m
│   [90m────────────────────────────────────────────────────────────────────────────────────────────────────────────────────[0m
│  [90mNo active agents[0m
│
[1m├─ Backoff queue[0m
│
│  [33m↻[0m [31mPROBE-1[0m [33mattempt=1[0m[2m in [0m[36m6.890s[0m [2merror=agent exited: {%RuntimeError{message: "Agent run failed for issue_id=probe-1 issue_identifier=PR...[0m
╰─
[H[2J[1m╭─ SYMPHONY STATUS[0m
[1m│ Agents: [0m[32m0[0m[90m/[0m[90m1[0m
[1m│ Throughput: [0m[36m0 tps[0m
[1m│ Runtime: [0m[35m0m 0s[0m
[1m│ Tokens: [0m[33min 0[0m[90m | [0m[33mout 0[0m[90m | [0m[33mtotal 0[0m
[1m│ Rate Limits: [0m[90munavailable[0m
[1m│ Project: [0m[36mhttps://linear.app/project/probe/issues[0m
[1m│ Dashboard: [0m[36mhttp://127.0.0.1:42825/[0m
[1m│ Next refresh: [0m[36m1s[0m
[1m├─ Running[0m
│
│   [90mID       STAGE          PID      AGE / TURN   TOKENS     SESSION        EVENT                                       [0m
│   [90m────────────────────────────────────────────────────────────────────────────────────────────────────────────────────[0m
│  [90mNo active agents[0m
│
[1m├─ Backoff queue[0m
│
│  [33m↻[0m [31mPROBE-1[0m [33mattempt=1[0m[2m in [0m[36m6.864s[0m [2merror=agent exited: {%RuntimeError{message: "Agent run failed for issue_id=probe-1 issue_identifier=PR...[0m
╰─
[H[2J[1m╭─ SYMPHONY STATUS[0m
[1m│ Agents: [0m[32m0[0m[90m/[0m[90m1[0m
[1m│ Throughput: [0m[36m0 tps[0m
[1m│ Runtime: [0m[35m0m 0s[0m
[1m│ Tokens: [0m[33min 0[0m[90m | [0m[33mout 0[0m[90m | [0m[33mtotal 0[0m
[1m│ Rate Limits: [0m[90munavailable[0m
[1m│ Project: [0m[36mhttps://linear.app/project/probe/issues[0m
[1m│ Dashboard: [0m[36mhttp://127.0.0.1:42825/[0m
[1m│ Next refresh: [0m[36mchecking now…[0m
[1m├─ Running[0m
│
│   [90mID       STAGE          PID      AGE / TURN   TOKENS     SESSION        EVENT                                       [0m
│   [90m────────────────────────────────────────────────────────────────────────────────────────────────────────────────────[0m
│  [90mNo active agents[0m
│
[1m├─ Backoff queue[0m
│
│  [33m↻[0m [31mPROBE-1[0m [33mattempt=1[0m[2m in [0m[36m6.763s[0m [2merror=agent exited: {%RuntimeError{message: "Agent run failed for issue_id=probe-1 issue_identifier=PR...[0m
╰─
[H[2J[1m╭─ SYMPHONY STATUS[0m
[1m│ Agents: [0m[32m0[0m[90m/[0m[90m1[0m
[1m│ Throughput: [0m[36m0 tps[0m
[1m│ Runtime: [0m[35m0m 0s[0m
[1m│ Tokens: [0m[33min 0[0m[90m | [0m[33mout 0[0m[90m | [0m[33mtotal 0[0m
[1m│ Rate Limits: [0m[90munavailable[0m
[1m│ Project: [0m[36mhttps://linear.app/project/probe/issues[0m
[1m│ Dashboard: [0m[36mhttp://127.0.0.1:42825/[0m
[1m│ Next refresh: [0m[36m1s[0m
[1m├─ Running[0m
│
│   [90mID       STAGE          PID      AGE / TURN   TOKENS     SESSION        EVENT                                       [0m
│   [90m────────────────────────────────────────────────────────────────────────────────────────────────────────────────────[0m
│  [90mNo active agents[0m
│
[1m├─ Backoff queue[0m
│
│  [33m↻[0m [31mPROBE-1[0m [33mattempt=1[0m[2m in [0m[36m6.731s[0m [2merror=agent exited: {%RuntimeError{message: "Agent run failed for issue_id=probe-1 issue_identifier=PR...[0m
╰─
[H[2J[1m╭─ SYMPHONY STATUS[0m
[1m│ Agents: [0m[32m0[0m[90m/[0m[90m1[0m
[1m│ Throughput: [0m[36m0 tps[0m
[1m│ Runtime: [0m[35m0m 0s[0m
[1m│ Tokens: [0m[33min 0[0m[90m | [0m[33mout 0[0m[90m | [0m[33mtotal 0[0m
[1m│ Rate Limits: [0m[90munavailable[0m
[1m│ Project: [0m[36mhttps://linear.app/project/probe/issues[0m
[1m│ Dashboard: [0m[36mhttp://127.0.0.1:42825/[0m
[1m│ Next refresh: [0m[36mchecking now…[0m
[1m├─ Running[0m
│
│   [90mID       STAGE          PID      AGE / TURN   TOKENS     SESSION        EVENT                                       [0m
│   [90m────────────────────────────────────────────────────────────────────────────────────────────────────────────────────[0m
│  [90mNo active agents[0m
│
[1m├─ Backoff queue[0m
│
│  [33m↻[0m [31mPROBE-1[0m [33mattempt=1[0m[2m in [0m[36m6.630s[0m [2merror=agent exited: {%RuntimeError{message: "Agent run failed for issue_id=probe-1 issue_identifier=PR...[0m
╰─
[H[2J[1m╭─ SYMPHONY STATUS[0m
[1m│ Agents: [0m[32m0[0m[90m/[0m[90m1[0m
[1m│ Throughput: [0m[36m0 tps[0m
[1m│ Runtime: [0m[35m0m 0s[0m
[1m│ Tokens: [0m[33min 0[0m[90m | [0m[33mout 0[0m[90m | [0m[33mtotal 0[0m
[1m│ Rate Limits: [0m[90munavailable[0m
[1m│ Project: [0m[36mhttps://linear.app/project/probe/issues[0m
[1m│ Dashboard: [0m[36mhttp://127.0.0.1:42825/[0m
[1m│ Next refresh: [0m[36m1s[0m
[1m├─ Running[0m
│
│   [90mID       STAGE          PID      AGE / TURN   TOKENS     SESSION        EVENT                                       [0m
│   [90m────────────────────────────────────────────────────────────────────────────────────────────────────────────────────[0m
│  [90mNo active agents[0m
│
[1m├─ Backoff queue[0m
│
│  [33m↻[0m [31mPROBE-1[0m [33mattempt=1[0m[2m in [0m[36m6.602s[0m [2merror=agent exited: {%RuntimeError{message: "Agent run failed for issue_id=probe-1 issue_identifier=PR...[0m
╰─
[H[2J[1m╭─ SYMPHONY STATUS[0m
[1m│ Agents: [0m[32m0[0m[90m/[0m[90m1[0m
[1m│ Throughput: [0m[36m0 tps[0m
[1m│ Runtime: [0m[35m0m 0s[0m
[1m│ Tokens: [0m[33min 0[0m[90m | [0m[33mout 0[0m[90m | [0m[33mtotal 0[0m
[1m│ Rate Limits: [0m[90munavailable[0m
[1m│ Project: [0m[36mhttps://linear.app/project/probe/issues[0m
[1m│ Dashboard: [0m[36mhttp://127.0.0.1:42825/[0m
[1m│ Next refresh: [0m[36mchecking now…[0m
[1m├─ Running[0m
│
│   [90mID       STAGE          PID      AGE / TURN   TOKENS     SESSION        EVENT                                       [0m
│   [90m────────────────────────────────────────────────────────────────────────────────────────────────────────────────────[0m
│  [90mNo active agents[0m
│
[1m├─ Backoff queue[0m
│
│  [33m↻[0m [31mPROBE-1[0m [33mattempt=1[0m[2m in [0m[36m6.501s[0m [2merror=agent exited: {%RuntimeError{message: "Agent run failed for issue_id=probe-1 issue_identifier=PR...[0m
╰─
[H[2J[1m╭─ SYMPHONY STATUS[0m
[1m│ Agents: [0m[32m0[0m[90m/[0m[90m1[0m
[1m│ Throughput: [0m[36m0 tps[0m
[1m│ Runtime: [0m[35m0m 0s[0m
[1m│ Tokens: [0m[33min 0[0m[90m | [0m[33mout 0[0m[90m | [0m[33mtotal 0[0m
[1m│ Rate Limits: [0m[90munavailable[0m
[1m│ Project: [0m[36mhttps://linear.app/project/probe/issues[0m
[1m│ Dashboard: [0m[36mhttp://127.0.0.1:42825/[0m
[1m│ Next refresh: [0m[36m1s[0m
[1m├─ Running[0m
│
│   [90mID       STAGE          PID      AGE / TURN   TOKENS     SESSION        EVENT                                       [0m
│   [90m────────────────────────────────────────────────────────────────────────────────────────────────────────────────────[0m
│  [90mNo active agents[0m
│
[1m├─ Backoff queue[0m
│
│  [33m↻[0m [31mPROBE-1[0m [33mattempt=1[0m[2m in [0m[36m6.473s[0m [2merror=agent exited: {%RuntimeError{message: "Agent run failed for issue_id=probe-1 issue_identifier=PR...[0m
╰─
[H[2J[1m╭─ SYMPHONY STATUS[0m
[1m│ Agents: [0m[32m0[0m[90m/[0m[90m1[0m
[1m│ Throughput: [0m[36m0 tps[0m
[1m│ Runtime: [0m[35m0m 0s[0m
[1m│ Tokens: [0m[33min 0[0m[90m | [0m[33mout 0[0m[90m | [0m[33mtotal 0[0m
[1m│ Rate Limits: [0m[90munavailable[0m
[1m│ Project: [0m[36mhttps://linear.app/project/probe/issues[0m
[1m│ Dashboard: [0m[36mhttp://127.0.0.1:42825/[0m
[1m│ Next refresh: [0m[36mchecking now…[0m
[1m├─ Running[0m
│
│   [90mID       STAGE          PID      AGE / TURN   TOKENS     SESSION        EVENT                                       [0m
│   [90m────────────────────────────────────────────────────────────────────────────────────────────────────────────────────[0m
│  [90mNo active agents[0m
│
[1m├─ Backoff queue[0m
│
│  [33m↻[0m [31mPROBE-1[0m [33mattempt=1[0m[2m in [0m[36m6.372s[0m [2merror=agent exited: {%RuntimeError{message: "Agent run failed for issue_id=probe-1 issue_identifier=PR...[0m
╰─
[H[2J[1m╭─ SYMPHONY STATUS[0m
[1m│ Agents: [0m[32m0[0m[90m/[0m[90m1[0m
[1m│ Throughput: [0m[36m0 tps[0m
[1m│ Runtime: [0m[35m0m 0s[0m
[1m│ Tokens: [0m[33min 0[0m[90m | [0m[33mout 0[0m[90m | [0m[33mtotal 0[0m
[1m│ Rate Limits: [0m[90munavailable[0m
[1m│ Project: [0m[36mhttps://linear.app/project/probe/issues[0m
[1m│ Dashboard: [0m[36mhttp://127.0.0.1:42825/[0m
[1m│ Next refresh: [0m[36m1s[0m
[1m├─ Running[0m
│
│   [90mID       STAGE          PID      AGE / TURN   TOKENS     SESSION        EVENT                                       [0m
│   [90m────────────────────────────────────────────────────────────────────────────────────────────────────────────────────[0m
│  [90mNo active agents[0m
│
[1m├─ Backoff queue[0m
│
│  [33m↻[0m [31mPROBE-1[0m [33mattempt=1[0m[2m in [0m[36m6.346s[0m [2merror=agent exited: {%RuntimeError{message: "Agent run failed for issue_id=probe-1 issue_identifier=PR...[0m
╰─
[H[2J[1m╭─ SYMPHONY STATUS[0m
[1m│ Agents: [0m[32m0[0m[90m/[0m[90m1[0m
[1m│ Throughput: [0m[36m0 tps[0m
[1m│ Runtime: [0m[35m0m 0s[0m
[1m│ Tokens: [0m[33min 0[0m[90m | [0m[33mout 0[0m[90m | [0m[33mtotal 0[0m
[1m│ Rate Limits: [0m[90munavailable[0m
[1m│ Project: [0m[36mhttps://linear.app/project/probe/issues[0m
[1m│ Dashboard: [0m[36mhttp://127.0.0.1:42825/[0m
[1m│ Next refresh: [0m[36mchecking now…[0m
[1m├─ Running[0m
│
│   [90mID       STAGE          PID      AGE / TURN   TOKENS     SESSION        EVENT                                       [0m
│   [90m────────────────────────────────────────────────────────────────────────────────────────────────────────────────────[0m
│  [90mNo active agents[0m
│
[1m├─ Backoff queue[0m
│
│  [33m↻[0m [31mPROBE-1[0m [33mattempt=1[0m[2m in [0m[36m6.245s[0m [2merror=agent exited: {%RuntimeError{message: "Agent run failed for issue_id=probe-1 issue_identifier=PR...[0m
╰─
[H[2J[1m╭─ SYMPHONY STATUS[0m
[1m│ Agents: [0m[32m0[0m[90m/[0m[90m1[0m
[1m│ Throughput: [0m[36m0 tps[0m
[1m│ Runtime: [0m[35m0m 0s[0m
[1m│ Tokens: [0m[33min 0[0m[90m | [0m[33mout 0[0m[90m | [0m[33mtotal 0[0m
[1m│ Rate Limits: [0m[90munavailable[0m
[1m│ Project: [0m[36mhttps://linear.app/project/probe/issues[0m
[1m│ Dashboard: [0m[36mhttp://127.0.0.1:42825/[0m
[1m│ Next refresh: [0m[36m1s[0m
[1m├─ Running[0m
│
│   [90mID       STAGE          PID      AGE / TURN   TOKENS     SESSION        EVENT                                       [0m
│   [90m────────────────────────────────────────────────────────────────────────────────────────────────────────────────────[0m
│  [90mNo active agents[0m
│
[1m├─ Backoff queue[0m
│
│  [33m↻[0m [31mPROBE-1[0m [33mattempt=1[0m[2m in [0m[36m6.215s[0m [2merror=agent exited: {%RuntimeError{message: "Agent run failed for issue_id=probe-1 issue_identifier=PR...[0m
╰─
[H[2J[1m╭─ SYMPHONY STATUS[0m
[1m│ Agents: [0m[32m0[0m[90m/[0m[90m1[0m
[1m│ Throughput: [0m[36m0 tps[0m
[1m│ Runtime: [0m[35m0m 0s[0m
[1m│ Tokens: [0m[33min 0[0m[90m | [0m[33mout 0[0m[90m | [0m[33mtotal 0[0m
[1m│ Rate Limits: [0m[90munavailable[0m
[1m│ Project: [0m[36mhttps://linear.app/project/probe/issues[0m
[1m│ Dashboard: [0m[36mhttp://127.0.0.1:42825/[0m
[1m│ Next refresh: [0m[36mchecking now…[0m
[1m├─ Running[0m
│
│   [90mID       STAGE          PID      AGE / TURN   TOKENS     SESSION        EVENT                                       [0m
│   [90m────────────────────────────────────────────────────────────────────────────────────────────────────────────────────[0m
│  [90mNo active agents[0m
│
[1m├─ Backoff queue[0m
│
│  [33m↻[0m [31mPROBE-1[0m [33mattempt=1[0m[2m in [0m[36m6.114s[0m [2merror=agent exited: {%RuntimeError{message: "Agent run failed for issue_id=probe-1 issue_identifier=PR...[0m
╰─
[H[2J[1m╭─ SYMPHONY STATUS[0m
[1m│ Agents: [0m[32m0[0m[90m/[0m[90m1[0m
[1m│ Throughput: [0m[36m0 tps[0m
[1m│ Runtime: [0m[35m0m 0s[0m
[1m│ Tokens: [0m[33min 0[0m[90m | [0m[33mout 0[0m[90m | [0m[33mtotal 0[0m
[1m│ Rate Limits: [0m[90munavailable[0m
[1m│ Project: [0m[36mhttps://linear.app/project/probe/issues[0m
[1m│ Dashboard: [0m[36mhttp://127.0.0.1:42825/[0m
[1m│ Next refresh: [0m[36m1s[0m
[1m├─ Running[0m
│
│   [90mID       STAGE          PID      AGE / TURN   TOKENS     SESSION        EVENT                                       [0m
│   [90m────────────────────────────────────────────────────────────────────────────────────────────────────────────────────[0m
│  [90mNo active agents[0m
│
[1m├─ Backoff queue[0m
│
│  [33m↻[0m [31mPROBE-1[0m [33mattempt=1[0m[2m in [0m[36m6.086s[0m [2merror=agent exited: {%RuntimeError{message: "Agent run failed for issue_id=probe-1 issue_identifier=PR...[0m
╰─
[H[2J[1m╭─ SYMPHONY STATUS[0m
[1m│ Agents: [0m[32m0[0m[90m/[0m[90m1[0m
[1m│ Throughput: [0m[36m0 tps[0m
[1m│ Runtime: [0m[35m0m 0s[0m
[1m│ Tokens: [0m[33min 0[0m[90m | [0m[33mout 0[0m[90m | [0m[33mtotal 0[0m
[1m│ Rate Limits: [0m[90munavailable[0m
[1m│ Project: [0m[36mhttps://linear.app/project/probe/issues[0m
[1m│ Dashboard: [0m[36mhttp://127.0.0.1:42825/[0m
[1m│ Next refresh: [0m[36m1s[0m
[1m├─ Running[0m
│
│   [90mID       STAGE          PID      AGE / TURN   TOKENS     SESSION        EVENT                                       [0m
│   [90m────────────────────────────────────────────────────────────────────────────────────────────────────────────────────[0m
│  [90mNo active agents[0m
│
[1m├─ Backoff queue[0m
│
│  [33m↻[0m [31mPROBE-1[0m [33mattempt=1[0m[2m in [0m[36m6.063s[0m [2merror=agent exited: {%RuntimeError{message: "Agent run failed for issue_id=probe-1 issue_identifier=PR...[0m
╰─
[H[2J[1m╭─ SYMPHONY STATUS[0m
[1m│ Agents: [0m[32m0[0m[90m/[0m[90m1[0m
[1m│ Throughput: [0m[36m0 tps[0m
[1m│ Runtime: [0m[35m0m 0s[0m
[1m│ Tokens: [0m[33min 0[0m[90m | [0m[33mout 0[0m[90m | [0m[33mtotal 0[0m
[1m│ Rate Limits: [0m[90munavailable[0m
[1m│ Project: [0m[36mhttps://linear.app/project/probe/issues[0m
[1m│ Dashboard: [0m[36mhttp://127.0.0.1:42825/[0m
[1m│ Next refresh: [0m[36mchecking now…[0m
[1m├─ Running[0m
│
│   [90mID       STAGE          PID      AGE / TURN   TOKENS     SESSION        EVENT                                       [0m
│   [90m────────────────────────────────────────────────────────────────────────────────────────────────────────────────────[0m
│  [90mNo active agents[0m
│
[1m├─ Backoff queue[0m
│
│  [33m↻[0m [31mPROBE-1[0m [33mattempt=1[0m[2m in [0m[36m5.985s[0m [2merror=agent exited: {%RuntimeError{message: "Agent run failed for issue_id=probe-1 issue_identifier=PR...[0m
╰─
[H[2J[1m╭─ SYMPHONY STATUS[0m
[1m│ Agents: [0m[32m0[0m[90m/[0m[90m1[0m
[1m│ Throughput: [0m[36m0 tps[0m
[1m│ Runtime: [0m[35m0m 0s[0m
[1m│ Tokens: [0m[33min 0[0m[90m | [0m[33mout 0[0m[90m | [0m[33mtotal 0[0m
[1m│ Rate Limits: [0m[90munavailable[0m
[1m│ Project: [0m[36mhttps://linear.app/project/probe/issues[0m
[1m│ Dashboard: [0m[36mhttp://127.0.0.1:42825/[0m
[1m│ Next refresh: [0m[36m1s[0m
[1m├─ Running[0m
│
│   [90mID       STAGE          PID      AGE / TURN   TOKENS     SESSION        EVENT                                       [0m
│   [90m────────────────────────────────────────────────────────────────────────────────────────────────────────────────────[0m
│  [90mNo active agents[0m
│
[1m├─ Backoff queue[0m
│
│  [33m↻[0m [31mPROBE-1[0m [33mattempt=1[0m[2m in [0m[36m5.961s[0m [2merror=agent exited: {%RuntimeError{message: "Agent run failed for issue_id=probe-1 issue_identifier=PR...[0m
╰─
[H[2J[1m╭─ SYMPHONY STATUS[0m
[1m│ Agents: [0m[32m0[0m[90m/[0m[90m1[0m
[1m│ Throughput: [0m[36m0 tps[0m
[1m│ Runtime: [0m[35m0m 0s[0m
[1m│ Tokens: [0m[33min 0[0m[90m | [0m[33mout 0[0m[90m | [0m[33mtotal 0[0m
[1m│ Rate Limits: [0m[90munavailable[0m
[1m│ Project: [0m[36mhttps://linear.app/project/probe/issues[0m
[1m│ Dashboard: [0m[36mhttp://127.0.0.1:42825/[0m
[1m│ Next refresh: [0m[36mchecking now…[0m
[1m├─ Running[0m
│
│   [90mID       STAGE          PID      AGE / TURN   TOKENS     SESSION        EVENT                                       [0m
│   [90m────────────────────────────────────────────────────────────────────────────────────────────────────────────────────[0m
│  [90mNo active agents[0m
│
[1m├─ Backoff queue[0m
│
│  [33m↻[0m [31mPROBE-1[0m [33mattempt=1[0m[2m in [0m[36m5.860s[0m [2merror=agent exited: {%RuntimeError{message: "Agent run failed for issue_id=probe-1 issue_identifier=PR...[0m
╰─
[H[2J[1m╭─ SYMPHONY STATUS[0m
[1m│ Agents: [0m[32m0[0m[90m/[0m[90m1[0m
[1m│ Throughput: [0m[36m0 tps[0m
[1m│ Runtime: [0m[35m0m 0s[0m
[1m│ Tokens: [0m[33min 0[0m[90m | [0m[33mout 0[0m[90m | [0m[33mtotal 0[0m
[1m│ Rate Limits: [0m[90munavailable[0m
[1m│ Project: [0m[36mhttps://linear.app/project/probe/issues[0m
[1m│ Dashboard: [0m[36mhttp://127.0.0.1:42825/[0m
[1m│ Next refresh: [0m[36m1s[0m
[1m├─ Running[0m
│
│   [90mID       STAGE          PID      AGE / TURN   TOKENS     SESSION        EVENT                                       [0m
│   [90m────────────────────────────────────────────────────────────────────────────────────────────────────────────────────[0m
│  [90mNo active agents[0m
│
[1m├─ Backoff queue[0m
│
│  [33m↻[0m [31mPROBE-1[0m [33mattempt=1[0m[2m in [0m[36m5.835s[0m [2merror=agent exited: {%RuntimeError{message: "Agent run failed for issue_id=probe-1 issue_identifier=PR...[0m
╰─
[H[2J[1m╭─ SYMPHONY STATUS[0m
[1m│ Agents: [0m[32m0[0m[90m/[0m[90m1[0m
[1m│ Throughput: [0m[36m0 tps[0m
[1m│ Runtime: [0m[35m0m 0s[0m
[1m│ Tokens: [0m[33min 0[0m[90m | [0m[33mout 0[0m[90m | [0m[33mtotal 0[0m
[1m│ Rate Limits: [0m[90munavailable[0m
[1m│ Project: [0m[36mhttps://linear.app/project/probe/issues[0m
[1m│ Dashboard: [0m[36mhttp://127.0.0.1:42825/[0m
[1m│ Next refresh: [0m[36mchecking now…[0m
[1m├─ Running[0m
│
│   [90mID       STAGE          PID      AGE / TURN   TOKENS     SESSION        EVENT                                       [0m
│   [90m────────────────────────────────────────────────────────────────────────────────────────────────────────────────────[0m
│  [90mNo active agents[0m
│
[1m├─ Backoff queue[0m
│
│  [33m↻[0m [31mPROBE-1[0m [33mattempt=1[0m[2m in [0m[36m5.733s[0m [2merror=agent exited: {%RuntimeError{message: "Agent run failed for issue_id=probe-1 issue_identifier=PR...[0m
╰─
[H[2J[1m╭─ SYMPHONY STATUS[0m
[1m│ Agents: [0m[32m0[0m[90m/[0m[90m1[0m
[1m│ Throughput: [0m[36m0 tps[0m
[1m│ Runtime: [0m[35m0m 0s[0m
[1m│ Tokens: [0m[33min 0[0m[90m | [0m[33mout 0[0m[90m | [0m[33mtotal 0[0m
[1m│ Rate Limits: [0m[90munavailable[0m
[1m│ Project: [0m[36mhttps://linear.app/project/probe/issues[0m
[1m│ Dashboard: [0m[36mhttp://127.0.0.1:42825/[0m
[1m│ Next refresh: [0m[36m1s[0m
[1m├─ Running[0m
│
│   [90mID       STAGE          PID      AGE / TURN   TOKENS     SESSION        EVENT                                       [0m
│   [90m────────────────────────────────────────────────────────────────────────────────────────────────────────────────────[0m
│  [90mNo active agents[0m
│
[1m├─ Backoff queue[0m
│
│  [33m↻[0m [31mPROBE-1[0m [33mattempt=1[0m[2m in [0m[36m5.708s[0m [2merror=agent exited: {%RuntimeError{message: "Agent run failed for issue_id=probe-1 issue_identifier=PR...[0m
╰─
[H[2J[1m╭─ SYMPHONY STATUS[0m
[1m│ Agents: [0m[32m0[0m[90m/[0m[90m1[0m
[1m│ Throughput: [0m[36m0 tps[0m
[1m│ Runtime: [0m[35m0m 0s[0m
[1m│ Tokens: [0m[33min 0[0m[90m | [0m[33mout 0[0m[90m | [0m[33mtotal 0[0m
[1m│ Rate Limits: [0m[90munavailable[0m
[1m│ Project: [0m[36mhttps://linear.app/project/probe/issues[0m
[1m│ Dashboard: [0m[36mhttp://127.0.0.1:42825/[0m
[1m│ Next refresh: [0m[36mchecking now…[0m
[1m├─ Running[0m
│
│   [90mID       STAGE          PID      AGE / TURN   TOKENS     SESSION        EVENT                                       [0m
│   [90m────────────────────────────────────────────────────────────────────────────────────────────────────────────────────[0m
│  [90mNo active agents[0m
│
[1m├─ Backoff queue[0m
│
│  [33m↻[0m [31mPROBE-1[0m [33mattempt=1[0m[2m in [0m[36m5.606s[0m [2merror=agent exited: {%RuntimeError{message: "Agent run failed for issue_id=probe-1 issue_identifier=PR...[0m
╰─
[H[2J[1m╭─ SYMPHONY STATUS[0m
[1m│ Agents: [0m[32m0[0m[90m/[0m[90m1[0m
[1m│ Throughput: [0m[36m0 tps[0m
[1m│ Runtime: [0m[35m0m 0s[0m
[1m│ Tokens: [0m[33min 0[0m[90m | [0m[33mout 0[0m[90m | [0m[33mtotal 0[0m
[1m│ Rate Limits: [0m[90munavailable[0m
[1m│ Project: [0m[36mhttps://linear.app/project/probe/issues[0m
[1m│ Dashboard: [0m[36mhttp://127.0.0.1:42825/[0m
[1m│ Next refresh: [0m[36m1s[0m
[1m├─ Running[0m
│
│   [90mID       STAGE          PID      AGE / TURN   TOKENS     SESSION        EVENT                                       [0m
│   [90m────────────────────────────────────────────────────────────────────────────────────────────────────────────────────[0m
│  [90mNo active agents[0m
│
[1m├─ Backoff queue[0m
│
│  [33m↻[0m [31mPROBE-1[0m [33mattempt=1[0m[2m in [0m[36m5.581s[0m [2merror=agent exited: {%RuntimeError{message: "Agent run failed for issue_id=probe-1 issue_identifier=PR...[0m
╰─
[H[2J[1m╭─ SYMPHONY STATUS[0m
[1m│ Agents: [0m[32m0[0m[90m/[0m[90m1[0m
[1m│ Throughput: [0m[36m0 tps[0m
[1m│ Runtime: [0m[35m0m 0s[0m
[1m│ Tokens: [0m[33min 0[0m[90m | [0m[33mout 0[0m[90m | [0m[33mtotal 0[0m
[1m│ Rate Limits: [0m[90munavailable[0m
[1m│ Project: [0m[36mhttps://linear.app/project/probe/issues[0m
[1m│ Dashboard: [0m[36mhttp://127.0.0.1:42825/[0m
[1m│ Next refresh: [0m[36mchecking now…[0m
[1m├─ Running[0m
│
│   [90mID       STAGE          PID      AGE / TURN   TOKENS     SESSION        EVENT                                       [0m
│   [90m────────────────────────────────────────────────────────────────────────────────────────────────────────────────────[0m
│  [90mNo active agents[0m
│
[1m├─ Backoff queue[0m
│
│  [33m↻[0m [31mPROBE-1[0m [33mattempt=1[0m[2m in [0m[36m5.479s[0m [2merror=agent exited: {%RuntimeError{message: "Agent run failed for issue_id=probe-1 issue_identifier=PR...[0m
╰─
[H[2J[1m╭─ SYMPHONY STATUS[0m
[1m│ Agents: [0m[32m0[0m[90m/[0m[90m1[0m
[1m│ Throughput: [0m[36m0 tps[0m
[1m│ Runtime: [0m[35m0m 0s[0m
[1m│ Tokens: [0m[33min 0[0m[90m | [0m[33mout 0[0m[90m | [0m[33mtotal 0[0m
[1m│ Rate Limits: [0m[90munavailable[0m
[1m│ Project: [0m[36mhttps://linear.app/project/probe/issues[0m
[1m│ Dashboard: [0m[36mhttp://127.0.0.1:42825/[0m
[1m│ Next refresh: [0m[36m1s[0m
[1m├─ Running[0m
│
│   [90mID       STAGE          PID      AGE / TURN   TOKENS     SESSION        EVENT                                       [0m
│   [90m────────────────────────────────────────────────────────────────────────────────────────────────────────────────────[0m
│  [90mNo active agents[0m
│
[1m├─ Backoff queue[0m
│
│  [33m↻[0m [31mPROBE-1[0m [33mattempt=1[0m[2m in [0m[36m5.452s[0m [2merror=agent exited: {%RuntimeError{message: "Agent run failed for issue_id=probe-1 issue_identifier=PR...[0m
╰─
[H[2J[1m╭─ SYMPHONY STATUS[0m
[1m│ Agents: [0m[32m0[0m[90m/[0m[90m1[0m
[1m│ Throughput: [0m[36m0 tps[0m
[1m│ Runtime: [0m[35m0m 0s[0m
[1m│ Tokens: [0m[33min 0[0m[90m | [0m[33mout 0[0m[90m | [0m[33mtotal 0[0m
[1m│ Rate Limits: [0m[90munavailable[0m
[1m│ Project: [0m[36mhttps://linear.app/project/probe/issues[0m
[1m│ Dashboard: [0m[36mhttp://127.0.0.1:42825/[0m
[1m│ Next refresh: [0m[36mchecking now…[0m
[1m├─ Running[0m
│
│   [90mID       STAGE          PID      AGE / TURN   TOKENS     SESSION        EVENT                                       [0m
│   [90m────────────────────────────────────────────────────────────────────────────────────────────────────────────────────[0m
│  [90mNo active agents[0m
│
[1m├─ Backoff queue[0m
│
│  [33m↻[0m [31mPROBE-1[0m [33mattempt=1[0m[2m in [0m[36m5.351s[0m [2merror=agent exited: {%RuntimeError{message: "Agent run failed for issue_id=probe-1 issue_identifier=PR...[0m
╰─
[H[2J[1m╭─ SYMPHONY STATUS[0m
[1m│ Agents: [0m[32m0[0m[90m/[0m[90m1[0m
[1m│ Throughput: [0m[36m0 tps[0m
[1m│ Runtime: [0m[35m0m 0s[0m
[1m│ Tokens: [0m[33min 0[0m[90m | [0m[33mout 0[0m[90m | [0m[33mtotal 0[0m
[1m│ Rate Limits: [0m[90munavailable[0m
[1m│ Project: [0m[36mhttps://linear.app/project/probe/issues[0m
[1m│ Dashboard: [0m[36mhttp://127.0.0.1:42825/[0m
[1m│ Next refresh: [0m[36m1s[0m
[1m├─ Running[0m
│
│   [90mID       STAGE          PID      AGE / TURN   TOKENS     SESSION        EVENT                                       [0m
│   [90m────────────────────────────────────────────────────────────────────────────────────────────────────────────────────[0m
│  [90mNo active agents[0m
│
[1m├─ Backoff queue[0m
│
│  [33m↻[0m [31mPROBE-1[0m [33mattempt=1[0m[2m in [0m[36m5.324s[0m [2merror=agent exited: {%RuntimeError{message: "Agent run failed for issue_id=probe-1 issue_identifier=PR...[0m
╰─
[H[2J[1m╭─ SYMPHONY STATUS[0m
[1m│ Agents: [0m[32m0[0m[90m/[0m[90m1[0m
[1m│ Throughput: [0m[36m0 tps[0m
[1m│ Runtime: [0m[35m0m 0s[0m
[1m│ Tokens: [0m[33min 0[0m[90m | [0m[33mout 0[0m[90m | [0m[33mtotal 0[0m
[1m│ Rate Limits: [0m[90munavailable[0m
[1m│ Project: [0m[36mhttps://linear.app/project/probe/issues[0m
[1m│ Dashboard: [0m[36mhttp://127.0.0.1:42825/[0m
[1m│ Next refresh: [0m[36mchecking now…[0m
[1m├─ Running[0m
│
│   [90mID       STAGE          PID      AGE / TURN   TOKENS     SESSION        EVENT                                       [0m
│   [90m────────────────────────────────────────────────────────────────────────────────────────────────────────────────────[0m
│  [90mNo active agents[0m
│
[1m├─ Backoff queue[0m
│
│  [33m↻[0m [31mPROBE-1[0m [33mattempt=1[0m[2m in [0m[36m5.223s[0m [2merror=agent exited: {%RuntimeError{message: "Agent run failed for issue_id=probe-1 issue_identifier=PR...[0m
╰─
[H[2J[1m╭─ SYMPHONY STATUS[0m
[1m│ Agents: [0m[32m0[0m[90m/[0m[90m1[0m
[1m│ Throughput: [0m[36m0 tps[0m
[1m│ Runtime: [0m[35m0m 0s[0m
[1m│ Tokens: [0m[33min 0[0m[90m | [0m[33mout 0[0m[90m | [0m[33mtotal 0[0m
[1m│ Rate Limits: [0m[90munavailable[0m
[1m│ Project: [0m[36mhttps://linear.app/project/probe/issues[0m
[1m│ Dashboard: [0m[36mhttp://127.0.0.1:42825/[0m
[1m│ Next refresh: [0m[36m1s[0m
[1m├─ Running[0m
│
│   [90mID       STAGE          PID      AGE / TURN   TOKENS     SESSION        EVENT                                       [0m
│   [90m────────────────────────────────────────────────────────────────────────────────────────────────────────────────────[0m
│  [90mNo active agents[0m
│
[1m├─ Backoff queue[0m
│
│  [33m↻[0m [31mPROBE-1[0m [33mattempt=1[0m[2m in [0m[36m5.194s[0m [2merror=agent exited: {%RuntimeError{message: "Agent run failed for issue_id=probe-1 issue_identifier=PR...[0m
╰─
[H[2J[1m╭─ SYMPHONY STATUS[0m
[1m│ Agents: [0m[32m0[0m[90m/[0m[90m1[0m
[1m│ Throughput: [0m[36m0 tps[0m
[1m│ Runtime: [0m[35m0m 0s[0m
[1m│ Tokens: [0m[33min 0[0m[90m | [0m[33mout 0[0m[90m | [0m[33mtotal 0[0m
[1m│ Rate Limits: [0m[90munavailable[0m
[1m│ Project: [0m[36mhttps://linear.app/project/probe/issues[0m
[1m│ Dashboard: [0m[36mhttp://127.0.0.1:42825/[0m
[1m│ Next refresh: [0m[36mchecking now…[0m
[1m├─ Running[0m
│
│   [90mID       STAGE          PID      AGE / TURN   TOKENS     SESSION        EVENT                                       [0m
│   [90m────────────────────────────────────────────────────────────────────────────────────────────────────────────────────[0m
│  [90mNo active agents[0m
│
[1m├─ Backoff queue[0m
│
│  [33m↻[0m [31mPROBE-1[0m [33mattempt=1[0m[2m in [0m[36m5.094s[0m [2merror=agent exited: {%RuntimeError{message: "Agent run failed for issue_id=probe-1 issue_identifier=PR...[0m
╰─
[H[2J[1m╭─ SYMPHONY STATUS[0m
[1m│ Agents: [0m[32m0[0m[90m/[0m[90m1[0m
[1m│ Throughput: [0m[36m0 tps[0m
[1m│ Runtime: [0m[35m0m 0s[0m
[1m│ Tokens: [0m[33min 0[0m[90m | [0m[33mout 0[0m[90m | [0m[33mtotal 0[0m
[1m│ Rate Limits: [0m[90munavailable[0m
[1m│ Project: [0m[36mhttps://linear.app/project/probe/issues[0m
[1m│ Dashboard: [0m[36mhttp://127.0.0.1:42825/[0m
[1m│ Next refresh: [0m[36m1s[0m
[1m├─ Running[0m
│
│   [90mID       STAGE          PID      AGE / TURN   TOKENS     SESSION        EVENT                                       [0m
│   [90m────────────────────────────────────────────────────────────────────────────────────────────────────────────────────[0m
│  [90mNo active agents[0m
│
[1m├─ Backoff queue[0m
│
│  [33m↻[0m [31mPROBE-1[0m [33mattempt=1[0m[2m in [0m[36m5.067s[0m [2merror=agent exited: {%RuntimeError{message: "Agent run failed for issue_id=probe-1 issue_identifier=PR...[0m
╰─
[H[2J[1m╭─ SYMPHONY STATUS[0m
[1m│ Agents: [0m[32m0[0m[90m/[0m[90m1[0m
[1m│ Throughput: [0m[36m0 tps[0m
[1m│ Runtime: [0m[35m0m 0s[0m
[1m│ Tokens: [0m[33min 0[0m[90m | [0m[33mout 0[0m[90m | [0m[33mtotal 0[0m
[1m│ Rate Limits: [0m[90munavailable[0m
[1m│ Project: [0m[36mhttps://linear.app/project/probe/issues[0m
[1m│ Dashboard: [0m[36mhttp://127.0.0.1:42825/[0m
[1m│ Next refresh: [0m[36m1s[0m
[1m├─ Running[0m
│
│   [90mID       STAGE          PID      AGE / TURN   TOKENS     SESSION        EVENT                                       [0m
│   [90m────────────────────────────────────────────────────────────────────────────────────────────────────────────────────[0m
│  [90mNo active agents[0m
│
[1m├─ Backoff queue[0m
│
│  [33m↻[0m [31mPROBE-1[0m [33mattempt=1[0m[2m in [0m[36m5.060s[0m [2merror=agent exited: {%RuntimeError{message: "Agent run failed for issue_id=probe-1 issue_identifier=PR...[0m
╰─
[H[2J[1m╭─ SYMPHONY STATUS[0m
[1m│ Agents: [0m[32m0[0m[90m/[0m[90m1[0m
[1m│ Throughput: [0m[36m0 tps[0m
[1m│ Runtime: [0m[35m0m 0s[0m
[1m│ Tokens: [0m[33min 0[0m[90m | [0m[33mout 0[0m[90m | [0m[33mtotal 0[0m
[1m│ Rate Limits: [0m[90munavailable[0m
[1m│ Project: [0m[36mhttps://linear.app/project/probe/issues[0m
[1m│ Dashboard: [0m[36mhttp://127.0.0.1:42825/[0m
[1m│ Next refresh: [0m[36mchecking now…[0m
[1m├─ Running[0m
│
│   [90mID       STAGE          PID      AGE / TURN   TOKENS     SESSION        EVENT                                       [0m
│   [90m────────────────────────────────────────────────────────────────────────────────────────────────────────────────────[0m
│  [90mNo active agents[0m
│
[1m├─ Backoff queue[0m
│
│  [33m↻[0m [31mPROBE-1[0m [33mattempt=1[0m[2m in [0m[36m4.966s[0m [2merror=agent exited: {%RuntimeError{message: "Agent run failed for issue_id=probe-1 issue_identifier=PR...[0m
╰─
[H[2J[1m╭─ SYMPHONY STATUS[0m
[1m│ Agents: [0m[32m0[0m[90m/[0m[90m1[0m
[1m│ Throughput: [0m[36m0 tps[0m
[1m│ Runtime: [0m[35m0m 0s[0m
[1m│ Tokens: [0m[33min 0[0m[90m | [0m[33mout 0[0m[90m | [0m[33mtotal 0[0m
[1m│ Rate Limits: [0m[90munavailable[0m
[1m│ Project: [0m[36mhttps://linear.app/project/probe/issues[0m
[1m│ Dashboard: [0m[36mhttp://127.0.0.1:42825/[0m
[1m│ Next refresh: [0m[36m1s[0m
[1m├─ Running[0m
│
│   [90mID       STAGE          PID      AGE / TURN   TOKENS     SESSION        EVENT                                       [0m
│   [90m────────────────────────────────────────────────────────────────────────────────────────────────────────────────────[0m
│  [90mNo active agents[0m
│
[1m├─ Backoff queue[0m
│
│  [33m↻[0m [31mPROBE-1[0m [33mattempt=1[0m[2m in [0m[36m4.940s[0m [2merror=agent exited: {%RuntimeError{message: "Agent run failed for issue_id=probe-1 issue_identifier=PR...[0m
╰─
[H[2J[1m╭─ SYMPHONY STATUS[0m
[1m│ Agents: [0m[32m0[0m[90m/[0m[90m1[0m
[1m│ Throughput: [0m[36m0 tps[0m
[1m│ Runtime: [0m[35m0m 0s[0m
[1m│ Tokens: [0m[33min 0[0m[90m | [0m[33mout 0[0m[90m | [0m[33mtotal 0[0m
[1m│ Rate Limits: [0m[90munavailable[0m
[1m│ Project: [0m[36mhttps://linear.app/project/probe/issues[0m
[1m│ Dashboard: [0m[36mhttp://127.0.0.1:42825/[0m
[1m│ Next refresh: [0m[36mchecking now…[0m
[1m├─ Running[0m
│
│   [90mID       STAGE          PID      AGE / TURN   TOKENS     SESSION        EVENT                                       [0m
│   [90m────────────────────────────────────────────────────────────────────────────────────────────────────────────────────[0m
│  [90mNo active agents[0m
│
[1m├─ Backoff queue[0m
│
│  [33m↻[0m [31mPROBE-1[0m [33mattempt=1[0m[2m in [0m[36m4.839s[0m [2merror=agent exited: {%RuntimeError{message: "Agent run failed for issue_id=probe-1 issue_identifier=PR...[0m
╰─
[H[2J[1m╭─ SYMPHONY STATUS[0m
[1m│ Agents: [0m[32m0[0m[90m/[0m[90m1[0m
[1m│ Throughput: [0m[36m0 tps[0m
[1m│ Runtime: [0m[35m0m 0s[0m
[1m│ Tokens: [0m[33min 0[0m[90m | [0m[33mout 0[0m[90m | [0m[33mtotal 0[0m
[1m│ Rate Limits: [0m[90munavailable[0m
[1m│ Project: [0m[36mhttps://linear.app/project/probe/issues[0m
[1m│ Dashboard: [0m[36mhttp://127.0.0.1:42825/[0m
[1m│ Next refresh: [0m[36m1s[0m
[1m├─ Running[0m
│
│   [90mID       STAGE          PID      AGE / TURN   TOKENS     SESSION        EVENT                                       [0m
│   [90m────────────────────────────────────────────────────────────────────────────────────────────────────────────────────[0m
│  [90mNo active agents[0m
│
[1m├─ Backoff queue[0m
│
│  [33m↻[0m [31mPROBE-1[0m [33mattempt=1[0m[2m in [0m[36m4.809s[0m [2merror=agent exited: {%RuntimeError{message: "Agent run failed for issue_id=probe-1 issue_identifier=PR...[0m
╰─
[H[2J[1m╭─ SYMPHONY STATUS[0m
[1m│ Agents: [0m[32m0[0m[90m/[0m[90m1[0m
[1m│ Throughput: [0m[36m0 tps[0m
[1m│ Runtime: [0m[35m0m 0s[0m
[1m│ Tokens: [0m[33min 0[0m[90m | [0m[33mout 0[0m[90m | [0m[33mtotal 0[0m
[1m│ Rate Limits: [0m[90munavailable[0m
[1m│ Project: [0m[36mhttps://linear.app/project/probe/issues[0m
[1m│ Dashboard: [0m[36mhttp://127.0.0.1:42825/[0m
[1m│ Next refresh: [0m[36mchecking now…[0m
[1m├─ Running[0m
│
│   [90mID       STAGE          PID      AGE / TURN   TOKENS     SESSION        EVENT                                       [0m
│   [90m────────────────────────────────────────────────────────────────────────────────────────────────────────────────────[0m
│  [90mNo active agents[0m
│
[1m├─ Backoff queue[0m
│
│  [33m↻[0m [31mPROBE-1[0m [33mattempt=1[0m[2m in [0m[36m4.708s[0m [2merror=agent exited: {%RuntimeError{message: "Agent run failed for issue_id=probe-1 issue_identifier=PR...[0m
╰─
[H[2J[1m╭─ SYMPHONY STATUS[0m
[1m│ Agents: [0m[32m0[0m[90m/[0m[90m1[0m
[1m│ Throughput: [0m[36m0 tps[0m
[1m│ Runtime: [0m[35m0m 0s[0m
[1m│ Tokens: [0m[33min 0[0m[90m | [0m[33mout 0[0m[90m | [0m[33mtotal 0[0m
[1m│ Rate Limits: [0m[90munavailable[0m
[1m│ Project: [0m[36mhttps://linear.app/project/probe/issues[0m
[1m│ Dashboard: [0m[36mhttp://127.0.0.1:42825/[0m
[1m│ Next refresh: [0m[36m1s[0m
[1m├─ Running[0m
│
│   [90mID       STAGE          PID      AGE / TURN   TOKENS     SESSION        EVENT                                       [0m
│   [90m────────────────────────────────────────────────────────────────────────────────────────────────────────────────────[0m
│  [90mNo active agents[0m
│
[1m├─ Backoff queue[0m
│
│  [33m↻[0m [31mPROBE-1[0m [33mattempt=1[0m[2m in [0m[36m4.683s[0m [2merror=agent exited: {%RuntimeError{message: "Agent run failed for issue_id=probe-1 issue_identifier=PR...[0m
╰─
[H[2J[1m╭─ SYMPHONY STATUS[0m
[1m│ Agents: [0m[32m0[0m[90m/[0m[90m1[0m
[1m│ Throughput: [0m[36m0 tps[0m
[1m│ Runtime: [0m[35m0m 0s[0m
[1m│ Tokens: [0m[33min 0[0m[90m | [0m[33mout 0[0m[90m | [0m[33mtotal 0[0m
[1m│ Rate Limits: [0m[90munavailable[0m
[1m│ Project: [0m[36mhttps://linear.app/project/probe/issues[0m
[1m│ Dashboard: [0m[36mhttp://127.0.0.1:42825/[0m
[1m│ Next refresh: [0m[36mchecking now…[0m
[1m├─ Running[0m
│
│   [90mID       STAGE          PID      AGE / TURN   TOKENS     SESSION        EVENT                                       [0m
│   [90m────────────────────────────────────────────────────────────────────────────────────────────────────────────────────[0m
│  [90mNo active agents[0m
│
[1m├─ Backoff queue[0m
│
│  [33m↻[0m [31mPROBE-1[0m [33mattempt=1[0m[2m in [0m[36m4.577s[0m [2merror=agent exited: {%RuntimeError{message: "Agent run failed for issue_id=probe-1 issue_identifier=PR...[0m
╰─
[H[2J[1m╭─ SYMPHONY STATUS[0m
[1m│ Agents: [0m[32m0[0m[90m/[0m[90m1[0m
[1m│ Throughput: [0m[36m0 tps[0m
[1m│ Runtime: [0m[35m0m 0s[0m
[1m│ Tokens: [0m[33min 0[0m[90m | [0m[33mout 0[0m[90m | [0m[33mtotal 0[0m
[1m│ Rate Limits: [0m[90munavailable[0m
[1m│ Project: [0m[36mhttps://linear.app/project/probe/issues[0m
[1m│ Dashboard: [0m[36mhttp://127.0.0.1:42825/[0m
[1m│ Next refresh: [0m[36m1s[0m
[1m├─ Running[0m
│
│   [90mID       STAGE          PID      AGE / TURN   TOKENS     SESSION        EVENT                                       [0m
│   [90m────────────────────────────────────────────────────────────────────────────────────────────────────────────────────[0m
│  [90mNo active agents[0m
│
[1m├─ Backoff queue[0m
│
│  [33m↻[0m [31mPROBE-1[0m [33mattempt=1[0m[2m in [0m[36m4.551s[0m [2merror=agent exited: {%RuntimeError{message: "Agent run failed for issue_id=probe-1 issue_identifier=PR...[0m
╰─
[H[2J[1m╭─ SYMPHONY STATUS[0m
[1m│ Agents: [0m[32m0[0m[90m/[0m[90m1[0m
[1m│ Throughput: [0m[36m0 tps[0m
[1m│ Runtime: [0m[35m0m 0s[0m
[1m│ Tokens: [0m[33min 0[0m[90m | [0m[33mout 0[0m[90m | [0m[33mtotal 0[0m
[1m│ Rate Limits: [0m[90munavailable[0m
[1m│ Project: [0m[36mhttps://linear.app/project/probe/issues[0m
[1m│ Dashboard: [0m[36mhttp://127.0.0.1:42825/[0m
[1m│ Next refresh: [0m[36mchecking now…[0m
[1m├─ Running[0m
│
│   [90mID       STAGE          PID      AGE / TURN   TOKENS     SESSION        EVENT                                       [0m
│   [90m────────────────────────────────────────────────────────────────────────────────────────────────────────────────────[0m
│  [90mNo active agents[0m
│
[1m├─ Backoff queue[0m
│
│  [33m↻[0m [31mPROBE-1[0m [33mattempt=1[0m[2m in [0m[36m4.450s[0m [2merror=agent exited: {%RuntimeError{message: "Agent run failed for issue_id=probe-1 issue_identifier=PR...[0m
╰─
[H[2J[1m╭─ SYMPHONY STATUS[0m
[1m│ Agents: [0m[32m0[0m[90m/[0m[90m1[0m
[1m│ Throughput: [0m[36m0 tps[0m
[1m│ Runtime: [0m[35m0m 0s[0m
[1m│ Tokens: [0m[33min 0[0m[90m | [0m[33mout 0[0m[90m | [0m[33mtotal 0[0m
[1m│ Rate Limits: [0m[90munavailable[0m
[1m│ Project: [0m[36mhttps://linear.app/project/probe/issues[0m
[1m│ Dashboard: [0m[36mhttp://127.0.0.1:42825/[0m
[1m│ Next refresh: [0m[36m1s[0m
[1m├─ Running[0m
│
│   [90mID       STAGE          PID      AGE / TURN   TOKENS     SESSION        EVENT                                       [0m
│   [90m────────────────────────────────────────────────────────────────────────────────────────────────────────────────────[0m
│  [90mNo active agents[0m
│
[1m├─ Backoff queue[0m
│
│  [33m↻[0m [31mPROBE-1[0m [33mattempt=1[0m[2m in [0m[36m4.421s[0m [2merror=agent exited: {%RuntimeError{message: "Agent run failed for issue_id=probe-1 issue_identifier=PR...[0m
╰─
[H[2J[1m╭─ SYMPHONY STATUS[0m
[1m│ Agents: [0m[32m0[0m[90m/[0m[90m1[0m
[1m│ Throughput: [0m[36m0 tps[0m
[1m│ Runtime: [0m[35m0m 0s[0m
[1m│ Tokens: [0m[33min 0[0m[90m | [0m[33mout 0[0m[90m | [0m[33mtotal 0[0m
[1m│ Rate Limits: [0m[90munavailable[0m
[1m│ Project: [0m[36mhttps://linear.app/project/probe/issues[0m
[1m│ Dashboard: [0m[36mhttp://127.0.0.1:42825/[0m
[1m│ Next refresh: [0m[36mchecking now…[0m
[1m├─ Running[0m
│
│   [90mID       STAGE          PID      AGE / TURN   TOKENS     SESSION        EVENT                                       [0m
│   [90m────────────────────────────────────────────────────────────────────────────────────────────────────────────────────[0m
│  [90mNo active agents[0m
│
[1m├─ Backoff queue[0m
│
│  [33m↻[0m [31mPROBE-1[0m [33mattempt=1[0m[2m in [0m[36m4.320s[0m [2merror=agent exited: {%RuntimeError{message: "Agent run failed for issue_id=probe-1 issue_identifier=PR...[0m
╰─
[H[2J[1m╭─ SYMPHONY STATUS[0m
[1m│ Agents: [0m[32m0[0m[90m/[0m[90m1[0m
[1m│ Throughput: [0m[36m0 tps[0m
[1m│ Runtime: [0m[35m0m 0s[0m
[1m│ Tokens: [0m[33min 0[0m[90m | [0m[33mout 0[0m[90m | [0m[33mtotal 0[0m
[1m│ Rate Limits: [0m[90munavailable[0m
[1m│ Project: [0m[36mhttps://linear.app/project/probe/issues[0m
[1m│ Dashboard: [0m[36mhttp://127.0.0.1:42825/[0m
[1m│ Next refresh: [0m[36m1s[0m
[1m├─ Running[0m
│
│   [90mID       STAGE          PID      AGE / TURN   TOKENS     SESSION        EVENT                                       [0m
│   [90m────────────────────────────────────────────────────────────────────────────────────────────────────────────────────[0m
│  [90mNo active agents[0m
│
[1m├─ Backoff queue[0m
│
│  [33m↻[0m [31mPROBE-1[0m [33mattempt=1[0m[2m in [0m[36m4.293s[0m [2merror=agent exited: {%RuntimeError{message: "Agent run failed for issue_id=probe-1 issue_identifier=PR...[0m
╰─
[H[2J[1m╭─ SYMPHONY STATUS[0m
[1m│ Agents: [0m[32m0[0m[90m/[0m[90m1[0m
[1m│ Throughput: [0m[36m0 tps[0m
[1m│ Runtime: [0m[35m0m 0s[0m
[1m│ Tokens: [0m[33min 0[0m[90m | [0m[33mout 0[0m[90m | [0m[33mtotal 0[0m
[1m│ Rate Limits: [0m[90munavailable[0m
[1m│ Project: [0m[36mhttps://linear.app/project/probe/issues[0m
[1m│ Dashboard: [0m[36mhttp://127.0.0.1:42825/[0m
[1m│ Next refresh: [0m[36mchecking now…[0m
[1m├─ Running[0m
│
│   [90mID       STAGE          PID      AGE / TURN   TOKENS     SESSION        EVENT                                       [0m
│   [90m────────────────────────────────────────────────────────────────────────────────────────────────────────────────────[0m
│  [90mNo active agents[0m
│
[1m├─ Backoff queue[0m
│
│  [33m↻[0m [31mPROBE-1[0m [33mattempt=1[0m[2m in [0m[36m4.192s[0m [2merror=agent exited: {%RuntimeError{message: "Agent run failed for issue_id=probe-1 issue_identifier=PR...[0m
╰─
[H[2J[1m╭─ SYMPHONY STATUS[0m
[1m│ Agents: [0m[32m0[0m[90m/[0m[90m1[0m
[1m│ Throughput: [0m[36m0 tps[0m
[1m│ Runtime: [0m[35m0m 0s[0m
[1m│ Tokens: [0m[33min 0[0m[90m | [0m[33mout 0[0m[90m | [0m[33mtotal 0[0m
[1m│ Rate Limits: [0m[90munavailable[0m
[1m│ Project: [0m[36mhttps://linear.app/project/probe/issues[0m
[1m│ Dashboard: [0m[36mhttp://127.0.0.1:42825/[0m
[1m│ Next refresh: [0m[36m1s[0m
[1m├─ Running[0m
│
│   [90mID       STAGE          PID      AGE / TURN   TOKENS     SESSION        EVENT                                       [0m
│   [90m────────────────────────────────────────────────────────────────────────────────────────────────────────────────────[0m
│  [90mNo active agents[0m
│
[1m├─ Backoff queue[0m
│
│  [33m↻[0m [31mPROBE-1[0m [33mattempt=1[0m[2m in [0m[36m4.167s[0m [2merror=agent exited: {%RuntimeError{message: "Agent run failed for issue_id=probe-1 issue_identifier=PR...[0m
╰─
[H[2J[1m╭─ SYMPHONY STATUS[0m
[1m│ Agents: [0m[32m0[0m[90m/[0m[90m1[0m
[1m│ Throughput: [0m[36m0 tps[0m
[1m│ Runtime: [0m[35m0m 0s[0m
[1m│ Tokens: [0m[33min 0[0m[90m | [0m[33mout 0[0m[90m | [0m[33mtotal 0[0m
[1m│ Rate Limits: [0m[90munavailable[0m
[1m│ Project: [0m[36mhttps://linear.app/project/probe/issues[0m
[1m│ Dashboard: [0m[36mhttp://127.0.0.1:42825/[0m
[1m│ Next refresh: [0m[36mchecking now…[0m
[1m├─ Running[0m
│
│   [90mID       STAGE          PID      AGE / TURN   TOKENS     SESSION        EVENT                                       [0m
│   [90m────────────────────────────────────────────────────────────────────────────────────────────────────────────────────[0m
│  [90mNo active agents[0m
│
[1m├─ Backoff queue[0m
│
│  [33m↻[0m [31mPROBE-1[0m [33mattempt=1[0m[2m in [0m[36m4.066s[0m [2merror=agent exited: {%RuntimeError{message: "Agent run failed for issue_id=probe-1 issue_identifier=PR...[0m
╰─
[H[2J[1m╭─ SYMPHONY STATUS[0m
[1m│ Agents: [0m[32m0[0m[90m/[0m[90m1[0m
[1m│ Throughput: [0m[36m0 tps[0m
[1m│ Runtime: [0m[35m0m 0s[0m
[1m│ Tokens: [0m[33min 0[0m[90m | [0m[33mout 0[0m[90m | [0m[33mtotal 0[0m
[1m│ Rate Limits: [0m[90munavailable[0m
[1m│ Project: [0m[36mhttps://linear.app/project/probe/issues[0m
[1m│ Dashboard: [0m[36mhttp://127.0.0.1:42825/[0m
[1m│ Next refresh: [0m[36mchecking now…[0m
[1m├─ Running[0m
│
│   [90mID       STAGE          PID      AGE / TURN   TOKENS     SESSION        EVENT                                       [0m
│   [90m────────────────────────────────────────────────────────────────────────────────────────────────────────────────────[0m
│  [90mNo active agents[0m
│
[1m├─ Backoff queue[0m
│
│  [33m↻[0m [31mPROBE-1[0m [33mattempt=1[0m[2m in [0m[36m4.058s[0m [2merror=agent exited: {%RuntimeError{message: "Agent run failed for issue_id=probe-1 issue_identifier=PR...[0m
╰─
[H[2J[1m╭─ SYMPHONY STATUS[0m
[1m│ Agents: [0m[32m0[0m[90m/[0m[90m1[0m
[1m│ Throughput: [0m[36m0 tps[0m
[1m│ Runtime: [0m[35m0m 0s[0m
[1m│ Tokens: [0m[33min 0[0m[90m | [0m[33mout 0[0m[90m | [0m[33mtotal 0[0m
[1m│ Rate Limits: [0m[90munavailable[0m
[1m│ Project: [0m[36mhttps://linear.app/project/probe/issues[0m
[1m│ Dashboard: [0m[36mhttp://127.0.0.1:42825/[0m
[1m│ Next refresh: [0m[36m1s[0m
[1m├─ Running[0m
│
│   [90mID       STAGE          PID      AGE / TURN   TOKENS     SESSION        EVENT                                       [0m
│   [90m────────────────────────────────────────────────────────────────────────────────────────────────────────────────────[0m
│  [90mNo active agents[0m
│
[1m├─ Backoff queue[0m
│
│  [33m↻[0m [31mPROBE-1[0m [33mattempt=1[0m[2m in [0m[36m4.041s[0m [2merror=agent exited: {%RuntimeError{message: "Agent run failed for issue_id=probe-1 issue_identifier=PR...[0m
╰─
[H[2J[1m╭─ SYMPHONY STATUS[0m
[1m│ Agents: [0m[32m0[0m[90m/[0m[90m1[0m
[1m│ Throughput: [0m[36m0 tps[0m
[1m│ Runtime: [0m[35m0m 0s[0m
[1m│ Tokens: [0m[33min 0[0m[90m | [0m[33mout 0[0m[90m | [0m[33mtotal 0[0m
[1m│ Rate Limits: [0m[90munavailable[0m
[1m│ Project: [0m[36mhttps://linear.app/project/probe/issues[0m
[1m│ Dashboard: [0m[36mhttp://127.0.0.1:42825/[0m
[1m│ Next refresh: [0m[36mchecking now…[0m
[1m├─ Running[0m
│
│   [90mID       STAGE          PID      AGE / TURN   TOKENS     SESSION        EVENT                                       [0m
│   [90m────────────────────────────────────────────────────────────────────────────────────────────────────────────────────[0m
│  [90mNo active agents[0m
│
[1m├─ Backoff queue[0m
│
│  [33m↻[0m [31mPROBE-1[0m [33mattempt=1[0m[2m in [0m[36m3.939s[0m [2merror=agent exited: {%RuntimeError{message: "Agent run failed for issue_id=probe-1 issue_identifier=PR...[0m
╰─
[H[2J[1m╭─ SYMPHONY STATUS[0m
[1m│ Agents: [0m[32m0[0m[90m/[0m[90m1[0m
[1m│ Throughput: [0m[36m0 tps[0m
[1m│ Runtime: [0m[35m0m 0s[0m
[1m│ Tokens: [0m[33min 0[0m[90m | [0m[33mout 0[0m[90m | [0m[33mtotal 0[0m
[1m│ Rate Limits: [0m[90munavailable[0m
[1m│ Project: [0m[36mhttps://linear.app/project/probe/issues[0m
[1m│ Dashboard: [0m[36mhttp://127.0.0.1:42825/[0m
[1m│ Next refresh: [0m[36m1s[0m
[1m├─ Running[0m
│
│   [90mID       STAGE          PID      AGE / TURN   TOKENS     SESSION        EVENT                                       [0m
│   [90m────────────────────────────────────────────────────────────────────────────────────────────────────────────────────[0m
│  [90mNo active agents[0m
│
[1m├─ Backoff queue[0m
│
│  [33m↻[0m [31mPROBE-1[0m [33mattempt=1[0m[2m in [0m[36m3.910s[0m [2merror=agent exited: {%RuntimeError{message: "Agent run failed for issue_id=probe-1 issue_identifier=PR...[0m
╰─
[H[2J[1m╭─ SYMPHONY STATUS[0m
[1m│ Agents: [0m[32m0[0m[90m/[0m[90m1[0m
[1m│ Throughput: [0m[36m0 tps[0m
[1m│ Runtime: [0m[35m0m 0s[0m
[1m│ Tokens: [0m[33min 0[0m[90m | [0m[33mout 0[0m[90m | [0m[33mtotal 0[0m
[1m│ Rate Limits: [0m[90munavailable[0m
[1m│ Project: [0m[36mhttps://linear.app/project/probe/issues[0m
[1m│ Dashboard: [0m[36mhttp://127.0.0.1:42825/[0m
[1m│ Next refresh: [0m[36mchecking now…[0m
[1m├─ Running[0m
│
│   [90mID       STAGE          PID      AGE / TURN   TOKENS     SESSION        EVENT                                       [0m
│   [90m────────────────────────────────────────────────────────────────────────────────────────────────────────────────────[0m
│  [90mNo active agents[0m
│
[1m├─ Backoff queue[0m
│
│  [33m↻[0m [31mPROBE-1[0m [33mattempt=1[0m[2m in [0m[36m3.809s[0m [2merror=agent exited: {%RuntimeError{message: "Agent run failed for issue_id=probe-1 issue_identifier=PR...[0m
╰─
[H[2J[1m╭─ SYMPHONY STATUS[0m
[1m│ Agents: [0m[32m0[0m[90m/[0m[90m1[0m
[1m│ Throughput: [0m[36m0 tps[0m
[1m│ Runtime: [0m[35m0m 0s[0m
[1m│ Tokens: [0m[33min 0[0m[90m | [0m[33mout 0[0m[90m | [0m[33mtotal 0[0m
[1m│ Rate Limits: [0m[90munavailable[0m
[1m│ Project: [0m[36mhttps://linear.app/project/probe/issues[0m
[1m│ Dashboard: [0m[36mhttp://127.0.0.1:42825/[0m
[1m│ Next refresh: [0m[36m1s[0m
[1m├─ Running[0m
│
│   [90mID       STAGE          PID      AGE / TURN   TOKENS     SESSION        EVENT                                       [0m
│   [90m────────────────────────────────────────────────────────────────────────────────────────────────────────────────────[0m
│  [90mNo active agents[0m
│
[1m├─ Backoff queue[0m
│
│  [33m↻[0m [31mPROBE-1[0m [33mattempt=1[0m[2m in [0m[36m3.783s[0m [2merror=agent exited: {%RuntimeError{message: "Agent run failed for issue_id=probe-1 issue_identifier=PR...[0m
╰─
[H[2J[1m╭─ SYMPHONY STATUS[0m
[1m│ Agents: [0m[32m0[0m[90m/[0m[90m1[0m
[1m│ Throughput: [0m[36m0 tps[0m
[1m│ Runtime: [0m[35m0m 0s[0m
[1m│ Tokens: [0m[33min 0[0m[90m | [0m[33mout 0[0m[90m | [0m[33mtotal 0[0m
[1m│ Rate Limits: [0m[90munavailable[0m
[1m│ Project: [0m[36mhttps://linear.app/project/probe/issues[0m
[1m│ Dashboard: [0m[36mhttp://127.0.0.1:42825/[0m
[1m│ Next refresh: [0m[36mchecking now…[0m
[1m├─ Running[0m
│
│   [90mID       STAGE          PID      AGE / TURN   TOKENS     SESSION        EVENT                                       [0m
│   [90m────────────────────────────────────────────────────────────────────────────────────────────────────────────────────[0m
│  [90mNo active agents[0m
│
[1m├─ Backoff queue[0m
│
│  [33m↻[0m [31mPROBE-1[0m [33mattempt=1[0m[2m in [0m[36m3.682s[0m [2merror=agent exited: {%RuntimeError{message: "Agent run failed for issue_id=probe-1 issue_identifier=PR...[0m
╰─
[H[2J[1m╭─ SYMPHONY STATUS[0m
[1m│ Agents: [0m[32m0[0m[90m/[0m[90m1[0m
[1m│ Throughput: [0m[36m0 tps[0m
[1m│ Runtime: [0m[35m0m 0s[0m
[1m│ Tokens: [0m[33min 0[0m[90m | [0m[33mout 0[0m[90m | [0m[33mtotal 0[0m
[1m│ Rate Limits: [0m[90munavailable[0m
[1m│ Project: [0m[36mhttps://linear.app/project/probe/issues[0m
[1m│ Dashboard: [0m[36mhttp://127.0.0.1:42825/[0m
[1m│ Next refresh: [0m[36m1s[0m
[1m├─ Running[0m
│
│   [90mID       STAGE          PID      AGE / TURN   TOKENS     SESSION        EVENT                                       [0m
│   [90m────────────────────────────────────────────────────────────────────────────────────────────────────────────────────[0m
│  [90mNo active agents[0m
│
[1m├─ Backoff queue[0m
│
│  [33m↻[0m [31mPROBE-1[0m [33mattempt=1[0m[2m in [0m[36m3.653s[0m [2merror=agent exited: {%RuntimeError{message: "Agent run failed for issue_id=probe-1 issue_identifier=PR...[0m
╰─
[H[2J[1m╭─ SYMPHONY STATUS[0m
[1m│ Agents: [0m[32m0[0m[90m/[0m[90m1[0m
[1m│ Throughput: [0m[36m0 tps[0m
[1m│ Runtime: [0m[35m0m 0s[0m
[1m│ Tokens: [0m[33min 0[0m[90m | [0m[33mout 0[0m[90m | [0m[33mtotal 0[0m
[1m│ Rate Limits: [0m[90munavailable[0m
[1m│ Project: [0m[36mhttps://linear.app/project/probe/issues[0m
[1m│ Dashboard: [0m[36mhttp://127.0.0.1:42825/[0m
[1m│ Next refresh: [0m[36mchecking now…[0m
[1m├─ Running[0m
│
│   [90mID       STAGE          PID      AGE / TURN   TOKENS     SESSION        EVENT                                       [0m
│   [90m────────────────────────────────────────────────────────────────────────────────────────────────────────────────────[0m
│  [90mNo active agents[0m
│
[1m├─ Backoff queue[0m
│
│  [33m↻[0m [31mPROBE-1[0m [33mattempt=1[0m[2m in [0m[36m3.546s[0m [2merror=agent exited: {%RuntimeError{message: "Agent run failed for issue_id=probe-1 issue_identifier=PR...[0m
╰─
[H[2J[1m╭─ SYMPHONY STATUS[0m
[1m│ Agents: [0m[32m0[0m[90m/[0m[90m1[0m
[1m│ Throughput: [0m[36m0 tps[0m
[1m│ Runtime: [0m[35m0m 0s[0m
[1m│ Tokens: [0m[33min 0[0m[90m | [0m[33mout 0[0m[90m | [0m[33mtotal 0[0m
[1m│ Rate Limits: [0m[90munavailable[0m
[1m│ Project: [0m[36mhttps://linear.app/project/probe/issues[0m
[1m│ Dashboard: [0m[36mhttp://127.0.0.1:42825/[0m
[1m│ Next refresh: [0m[36m1s[0m
[1m├─ Running[0m
│
│   [90mID       STAGE          PID      AGE / TURN   TOKENS     SESSION        EVENT                                       [0m
│   [90m────────────────────────────────────────────────────────────────────────────────────────────────────────────────────[0m
│  [90mNo active agents[0m
│
[1m├─ Backoff queue[0m
│
│  [33m↻[0m [31mPROBE-1[0m [33mattempt=1[0m[2m in [0m[36m3.517s[0m [2merror=agent exited: {%RuntimeError{message: "Agent run failed for issue_id=probe-1 issue_identifier=PR...[0m
╰─
[H[2J[1m╭─ SYMPHONY STATUS[0m
[1m│ Agents: [0m[32m0[0m[90m/[0m[90m1[0m
[1m│ Throughput: [0m[36m0 tps[0m
[1m│ Runtime: [0m[35m0m 0s[0m
[1m│ Tokens: [0m[33min 0[0m[90m | [0m[33mout 0[0m[90m | [0m[33mtotal 0[0m
[1m│ Rate Limits: [0m[90munavailable[0m
[1m│ Project: [0m[36mhttps://linear.app/project/probe/issues[0m
[1m│ Dashboard: [0m[36mhttp://127.0.0.1:42825/[0m
[1m│ Next refresh: [0m[36mchecking now…[0m
[1m├─ Running[0m
│
│   [90mID       STAGE          PID      AGE / TURN   TOKENS     SESSION        EVENT                                       [0m
│   [90m────────────────────────────────────────────────────────────────────────────────────────────────────────────────────[0m
│  [90mNo active agents[0m
│
[1m├─ Backoff queue[0m
│
│  [33m↻[0m [31mPROBE-1[0m [33mattempt=1[0m[2m in [0m[36m3.410s[0m [2merror=agent exited: {%RuntimeError{message: "Agent run failed for issue_id=probe-1 issue_identifier=PR...[0m
╰─
[H[2J[1m╭─ SYMPHONY STATUS[0m
[1m│ Agents: [0m[32m0[0m[90m/[0m[90m1[0m
[1m│ Throughput: [0m[36m0 tps[0m
[1m│ Runtime: [0m[35m0m 0s[0m
[1m│ Tokens: [0m[33min 0[0m[90m | [0m[33mout 0[0m[90m | [0m[33mtotal 0[0m
[1m│ Rate Limits: [0m[90munavailable[0m
[1m│ Project: [0m[36mhttps://linear.app/project/probe/issues[0m
[1m│ Dashboard: [0m[36mhttp://127.0.0.1:42825/[0m
[1m│ Next refresh: [0m[36m1s[0m
[1m├─ Running[0m
│
│   [90mID       STAGE          PID      AGE / TURN   TOKENS     SESSION        EVENT                                       [0m
│   [90m────────────────────────────────────────────────────────────────────────────────────────────────────────────────────[0m
│  [90mNo active agents[0m
│
[1m├─ Backoff queue[0m
│
│  [33m↻[0m [31mPROBE-1[0m [33mattempt=1[0m[2m in [0m[36m3.381s[0m [2merror=agent exited: {%RuntimeError{message: "Agent run failed for issue_id=probe-1 issue_identifier=PR...[0m
╰─
[H[2J[1m╭─ SYMPHONY STATUS[0m
[1m│ Agents: [0m[32m0[0m[90m/[0m[90m1[0m
[1m│ Throughput: [0m[36m0 tps[0m
[1m│ Runtime: [0m[35m0m 0s[0m
[1m│ Tokens: [0m[33min 0[0m[90m | [0m[33mout 0[0m[90m | [0m[33mtotal 0[0m
[1m│ Rate Limits: [0m[90munavailable[0m
[1m│ Project: [0m[36mhttps://linear.app/project/probe/issues[0m
[1m│ Dashboard: [0m[36mhttp://127.0.0.1:42825/[0m
[1m│ Next refresh: [0m[36mchecking now…[0m
[1m├─ Running[0m
│
│   [90mID       STAGE          PID      AGE / TURN   TOKENS     SESSION        EVENT                                       [0m
│   [90m────────────────────────────────────────────────────────────────────────────────────────────────────────────────────[0m
│  [90mNo active agents[0m
│
[1m├─ Backoff queue[0m
│
│  [33m↻[0m [31mPROBE-1[0m [33mattempt=1[0m[2m in [0m[36m3.279s[0m [2merror=agent exited: {%RuntimeError{message: "Agent run failed for issue_id=probe-1 issue_identifier=PR...[0m
╰─
[H[2J[1m╭─ SYMPHONY STATUS[0m
[1m│ Agents: [0m[32m0[0m[90m/[0m[90m1[0m
[1m│ Throughput: [0m[36m0 tps[0m
[1m│ Runtime: [0m[35m0m 0s[0m
[1m│ Tokens: [0m[33min 0[0m[90m | [0m[33mout 0[0m[90m | [0m[33mtotal 0[0m
[1m│ Rate Limits: [0m[90munavailable[0m
[1m│ Project: [0m[36mhttps://linear.app/project/probe/issues[0m
[1m│ Dashboard: [0m[36mhttp://127.0.0.1:42825/[0m
[1m│ Next refresh: [0m[36m1s[0m
[1m├─ Running[0m
│
│   [90mID       STAGE          PID      AGE / TURN   TOKENS     SESSION        EVENT                                       [0m
│   [90m────────────────────────────────────────────────────────────────────────────────────────────────────────────────────[0m
│  [90mNo active agents[0m
│
[1m├─ Backoff queue[0m
│
│  [33m↻[0m [31mPROBE-1[0m [33mattempt=1[0m[2m in [0m[36m3.252s[0m [2merror=agent exited: {%RuntimeError{message: "Agent run failed for issue_id=probe-1 issue_identifier=PR...[0m
╰─
[H[2J[1m╭─ SYMPHONY STATUS[0m
[1m│ Agents: [0m[32m0[0m[90m/[0m[90m1[0m
[1m│ Throughput: [0m[36m0 tps[0m
[1m│ Runtime: [0m[35m0m 0s[0m
[1m│ Tokens: [0m[33min 0[0m[90m | [0m[33mout 0[0m[90m | [0m[33mtotal 0[0m
[1m│ Rate Limits: [0m[90munavailable[0m
[1m│ Project: [0m[36mhttps://linear.app/project/probe/issues[0m
[1m│ Dashboard: [0m[36mhttp://127.0.0.1:42825/[0m
[1m│ Next refresh: [0m[36mchecking now…[0m
[1m├─ Running[0m
│
│   [90mID       STAGE          PID      AGE / TURN   TOKENS     SESSION        EVENT                                       [0m
│   [90m────────────────────────────────────────────────────────────────────────────────────────────────────────────────────[0m
│  [90mNo active agents[0m
│
[1m├─ Backoff queue[0m
│
│  [33m↻[0m [31mPROBE-1[0m [33mattempt=1[0m[2m in [0m[36m3.151s[0m [2merror=agent exited: {%RuntimeError{message: "Agent run failed for issue_id=probe-1 issue_identifier=PR...[0m
╰─
[H[2J[1m╭─ SYMPHONY STATUS[0m
[1m│ Agents: [0m[32m0[0m[90m/[0m[90m1[0m
[1m│ Throughput: [0m[36m0 tps[0m
[1m│ Runtime: [0m[35m0m 0s[0m
[1m│ Tokens: [0m[33min 0[0m[90m | [0m[33mout 0[0m[90m | [0m[33mtotal 0[0m
[1m│ Rate Limits: [0m[90munavailable[0m
[1m│ Project: [0m[36mhttps://linear.app/project/probe/issues[0m
[1m│ Dashboard: [0m[36mhttp://127.0.0.1:42825/[0m
[1m│ Next refresh: [0m[36m1s[0m
[1m├─ Running[0m
│
│   [90mID       STAGE          PID      AGE / TURN   TOKENS     SESSION        EVENT                                       [0m
│   [90m────────────────────────────────────────────────────────────────────────────────────────────────────────────────────[0m
│  [90mNo active agents[0m
│
[1m├─ Backoff queue[0m
│
│  [33m↻[0m [31mPROBE-1[0m [33mattempt=1[0m[2m in [0m[36m3.125s[0m [2merror=agent exited: {%RuntimeError{message: "Agent run failed for issue_id=probe-1 issue_identifier=PR...[0m
╰─
[H[2J[1m╭─ SYMPHONY STATUS[0m
[1m│ Agents: [0m[32m0[0m[90m/[0m[90m1[0m
[1m│ Throughput: [0m[36m0 tps[0m
[1m│ Runtime: [0m[35m0m 0s[0m
[1m│ Tokens: [0m[33min 0[0m[90m | [0m[33mout 0[0m[90m | [0m[33mtotal 0[0m
[1m│ Rate Limits: [0m[90munavailable[0m
[1m│ Project: [0m[36mhttps://linear.app/project/probe/issues[0m
[1m│ Dashboard: [0m[36mhttp://127.0.0.1:42825/[0m
[1m│ Next refresh: [0m[36m1s[0m
[1m├─ Running[0m
│
│   [90mID       STAGE          PID      AGE / TURN   TOKENS     SESSION        EVENT                                       [0m
│   [90m────────────────────────────────────────────────────────────────────────────────────────────────────────────────────[0m
│  [90mNo active agents[0m
│
[1m├─ Backoff queue[0m
│
│  [33m↻[0m [31mPROBE-1[0m [33mattempt=1[0m[2m in [0m[36m3.055s[0m [2merror=agent exited: {%RuntimeError{message: "Agent run failed for issue_id=probe-1 issue_identifier=PR...[0m
╰─
[H[2J[1m╭─ SYMPHONY STATUS[0m
[1m│ Agents: [0m[32m0[0m[90m/[0m[90m1[0m
[1m│ Throughput: [0m[36m0 tps[0m
[1m│ Runtime: [0m[35m0m 0s[0m
[1m│ Tokens: [0m[33min 0[0m[90m | [0m[33mout 0[0m[90m | [0m[33mtotal 0[0m
[1m│ Rate Limits: [0m[90munavailable[0m
[1m│ Project: [0m[36mhttps://linear.app/project/probe/issues[0m
[1m│ Dashboard: [0m[36mhttp://127.0.0.1:42825/[0m
[1m│ Next refresh: [0m[36mchecking now…[0m
[1m├─ Running[0m
│
│   [90mID       STAGE          PID      AGE / TURN   TOKENS     SESSION        EVENT                                       [0m
│   [90m────────────────────────────────────────────────────────────────────────────────────────────────────────────────────[0m
│  [90mNo active agents[0m
│
[1m├─ Backoff queue[0m
│
│  [33m↻[0m [31mPROBE-1[0m [33mattempt=1[0m[2m in [0m[36m3.024s[0m [2merror=agent exited: {%RuntimeError{message: "Agent run failed for issue_id=probe-1 issue_identifier=PR...[0m
╰─
[H[2J[1m╭─ SYMPHONY STATUS[0m
[1m│ Agents: [0m[32m0[0m[90m/[0m[90m1[0m
[1m│ Throughput: [0m[36m0 tps[0m
[1m│ Runtime: [0m[35m0m 0s[0m
[1m│ Tokens: [0m[33min 0[0m[90m | [0m[33mout 0[0m[90m | [0m[33mtotal 0[0m
[1m│ Rate Limits: [0m[90munavailable[0m
[1m│ Project: [0m[36mhttps://linear.app/project/probe/issues[0m
[1m│ Dashboard: [0m[36mhttp://127.0.0.1:42825/[0m
[1m│ Next refresh: [0m[36m1s[0m
[1m├─ Running[0m
│
│   [90mID       STAGE          PID      AGE / TURN   TOKENS     SESSION        EVENT                                       [0m
│   [90m────────────────────────────────────────────────────────────────────────────────────────────────────────────────────[0m
│  [90mNo active agents[0m
│
[1m├─ Backoff queue[0m
│
│  [33m↻[0m [31mPROBE-1[0m [33mattempt=1[0m[2m in [0m[36m2.998s[0m [2merror=agent exited: {%RuntimeError{message: "Agent run failed for issue_id=probe-1 issue_identifier=PR...[0m
╰─
[H[2J[1m╭─ SYMPHONY STATUS[0m
[1m│ Agents: [0m[32m0[0m[90m/[0m[90m1[0m
[1m│ Throughput: [0m[36m0 tps[0m
[1m│ Runtime: [0m[35m0m 0s[0m
[1m│ Tokens: [0m[33min 0[0m[90m | [0m[33mout 0[0m[90m | [0m[33mtotal 0[0m
[1m│ Rate Limits: [0m[90munavailable[0m
[1m│ Project: [0m[36mhttps://linear.app/project/probe/issues[0m
[1m│ Dashboard: [0m[36mhttp://127.0.0.1:42825/[0m
[1m│ Next refresh: [0m[36mchecking now…[0m
[1m├─ Running[0m
│
│   [90mID       STAGE          PID      AGE / TURN   TOKENS     SESSION        EVENT                                       [0m
│   [90m────────────────────────────────────────────────────────────────────────────────────────────────────────────────────[0m
│  [90mNo active agents[0m
│
[1m├─ Backoff queue[0m
│
│  [33m↻[0m [31mPROBE-1[0m [33mattempt=1[0m[2m in [0m[36m2.893s[0m [2merror=agent exited: {%RuntimeError{message: "Agent run failed for issue_id=probe-1 issue_identifier=PR...[0m
╰─
[H[2J[1m╭─ SYMPHONY STATUS[0m
[1m│ Agents: [0m[32m0[0m[90m/[0m[90m1[0m
[1m│ Throughput: [0m[36m0 tps[0m
[1m│ Runtime: [0m[35m0m 0s[0m
[1m│ Tokens: [0m[33min 0[0m[90m | [0m[33mout 0[0m[90m | [0m[33mtotal 0[0m
[1m│ Rate Limits: [0m[90munavailable[0m
[1m│ Project: [0m[36mhttps://linear.app/project/probe/issues[0m
[1m│ Dashboard: [0m[36mhttp://127.0.0.1:42825/[0m
[1m│ Next refresh: [0m[36m1s[0m
[1m├─ Running[0m
│
│   [90mID       STAGE          PID      AGE / TURN   TOKENS     SESSION        EVENT                                       [0m
│   [90m────────────────────────────────────────────────────────────────────────────────────────────────────────────────────[0m
│  [90mNo active agents[0m
│
[1m├─ Backoff queue[0m
│
│  [33m↻[0m [31mPROBE-1[0m [33mattempt=1[0m[2m in [0m[36m2.867s[0m [2merror=agent exited: {%RuntimeError{message: "Agent run failed for issue_id=probe-1 issue_identifier=PR...[0m
╰─
[H[2J[1m╭─ SYMPHONY STATUS[0m
[1m│ Agents: [0m[32m0[0m[90m/[0m[90m1[0m
[1m│ Throughput: [0m[36m0 tps[0m
[1m│ Runtime: [0m[35m0m 0s[0m
[1m│ Tokens: [0m[33min 0[0m[90m | [0m[33mout 0[0m[90m | [0m[33mtotal 0[0m
[1m│ Rate Limits: [0m[90munavailable[0m
[1m│ Project: [0m[36mhttps://linear.app/project/probe/issues[0m
[1m│ Dashboard: [0m[36mhttp://127.0.0.1:42825/[0m
[1m│ Next refresh: [0m[36mchecking now…[0m
[1m├─ Running[0m
│
│   [90mID       STAGE          PID      AGE / TURN   TOKENS     SESSION        EVENT                                       [0m
│   [90m────────────────────────────────────────────────────────────────────────────────────────────────────────────────────[0m
│  [90mNo active agents[0m
│
[1m├─ Backoff queue[0m
│
│  [33m↻[0m [31mPROBE-1[0m [33mattempt=1[0m[2m in [0m[36m2.764s[0m [2merror=agent exited: {%RuntimeError{message: "Agent run failed for issue_id=probe-1 issue_identifier=PR...[0m
╰─
[H[2J[1m╭─ SYMPHONY STATUS[0m
[1m│ Agents: [0m[32m0[0m[90m/[0m[90m1[0m
[1m│ Throughput: [0m[36m0 tps[0m
[1m│ Runtime: [0m[35m0m 0s[0m
[1m│ Tokens: [0m[33min 0[0m[90m | [0m[33mout 0[0m[90m | [0m[33mtotal 0[0m
[1m│ Rate Limits: [0m[90munavailable[0m
[1m│ Project: [0m[36mhttps://linear.app/project/probe/issues[0m
[1m│ Dashboard: [0m[36mhttp://127.0.0.1:42825/[0m
[1m│ Next refresh: [0m[36m1s[0m
[1m├─ Running[0m
│
│   [90mID       STAGE          PID      AGE / TURN   TOKENS     SESSION        EVENT                                       [0m
│   [90m────────────────────────────────────────────────────────────────────────────────────────────────────────────────────[0m
│  [90mNo active agents[0m
│
[1m├─ Backoff queue[0m
│
│  [33m↻[0m [31mPROBE-1[0m [33mattempt=1[0m[2m in [0m[36m2.737s[0m [2merror=agent exited: {%RuntimeError{message: "Agent run failed for issue_id=probe-1 issue_identifier=PR...[0m
╰─
[H[2J[1m╭─ SYMPHONY STATUS[0m
[1m│ Agents: [0m[32m0[0m[90m/[0m[90m1[0m
[1m│ Throughput: [0m[36m0 tps[0m
[1m│ Runtime: [0m[35m0m 0s[0m
[1m│ Tokens: [0m[33min 0[0m[90m | [0m[33mout 0[0m[90m | [0m[33mtotal 0[0m
[1m│ Rate Limits: [0m[90munavailable[0m
[1m│ Project: [0m[36mhttps://linear.app/project/probe/issues[0m
[1m│ Dashboard: [0m[36mhttp://127.0.0.1:42825/[0m
[1m│ Next refresh: [0m[36mchecking now…[0m
[1m├─ Running[0m
│
│   [90mID       STAGE          PID      AGE / TURN   TOKENS     SESSION        EVENT                                       [0m
│   [90m────────────────────────────────────────────────────────────────────────────────────────────────────────────────────[0m
│  [90mNo active agents[0m
│
[1m├─ Backoff queue[0m
│
│  [33m↻[0m [31mPROBE-1[0m [33mattempt=1[0m[2m in [0m[36m2.635s[0m [2merror=agent exited: {%RuntimeError{message: "Agent run failed for issue_id=probe-1 issue_identifier=PR...[0m
╰─
[H[2J[1m╭─ SYMPHONY STATUS[0m
[1m│ Agents: [0m[32m0[0m[90m/[0m[90m1[0m
[1m│ Throughput: [0m[36m0 tps[0m
[1m│ Runtime: [0m[35m0m 0s[0m
[1m│ Tokens: [0m[33min 0[0m[90m | [0m[33mout 0[0m[90m | [0m[33mtotal 0[0m
[1m│ Rate Limits: [0m[90munavailable[0m
[1m│ Project: [0m[36mhttps://linear.app/project/probe/issues[0m
[1m│ Dashboard: [0m[36mhttp://127.0.0.1:42825/[0m
[1m│ Next refresh: [0m[36m1s[0m
[1m├─ Running[0m
│
│   [90mID       STAGE          PID      AGE / TURN   TOKENS     SESSION        EVENT                                       [0m
│   [90m────────────────────────────────────────────────────────────────────────────────────────────────────────────────────[0m
│  [90mNo active agents[0m
│
[1m├─ Backoff queue[0m
│
│  [33m↻[0m [31mPROBE-1[0m [33mattempt=1[0m[2m in [0m[36m2.607s[0m [2merror=agent exited: {%RuntimeError{message: "Agent run failed for issue_id=probe-1 issue_identifier=PR...[0m
╰─
[H[2J[1m╭─ SYMPHONY STATUS[0m
[1m│ Agents: [0m[32m0[0m[90m/[0m[90m1[0m
[1m│ Throughput: [0m[36m0 tps[0m
[1m│ Runtime: [0m[35m0m 0s[0m
[1m│ Tokens: [0m[33min 0[0m[90m | [0m[33mout 0[0m[90m | [0m[33mtotal 0[0m
[1m│ Rate Limits: [0m[90munavailable[0m
[1m│ Project: [0m[36mhttps://linear.app/project/probe/issues[0m
[1m│ Dashboard: [0m[36mhttp://127.0.0.1:42825/[0m
[1m│ Next refresh: [0m[36mchecking now…[0m
[1m├─ Running[0m
│
│   [90mID       STAGE          PID      AGE / TURN   TOKENS     SESSION        EVENT                                       [0m
│   [90m────────────────────────────────────────────────────────────────────────────────────────────────────────────────────[0m
│  [90mNo active agents[0m
│
[1m├─ Backoff queue[0m
│
│  [33m↻[0m [31mPROBE-1[0m [33mattempt=1[0m[2m in [0m[36m2.506s[0m [2merror=agent exited: {%RuntimeError{message: "Agent run failed for issue_id=probe-1 issue_identifier=PR...[0m
╰─
[H[2J[1m╭─ SYMPHONY STATUS[0m
[1m│ Agents: [0m[32m0[0m[90m/[0m[90m1[0m
[1m│ Throughput: [0m[36m0 tps[0m
[1m│ Runtime: [0m[35m0m 0s[0m
[1m│ Tokens: [0m[33min 0[0m[90m | [0m[33mout 0[0m[90m | [0m[33mtotal 0[0m
[1m│ Rate Limits: [0m[90munavailable[0m
[1m│ Project: [0m[36mhttps://linear.app/project/probe/issues[0m
[1m│ Dashboard: [0m[36mhttp://127.0.0.1:42825/[0m
[1m│ Next refresh: [0m[36m1s[0m
[1m├─ Running[0m
│
│   [90mID       STAGE          PID      AGE / TURN   TOKENS     SESSION        EVENT                                       [0m
│   [90m────────────────────────────────────────────────────────────────────────────────────────────────────────────────────[0m
│  [90mNo active agents[0m
│
[1m├─ Backoff queue[0m
│
│  [33m↻[0m [31mPROBE-1[0m [33mattempt=1[0m[2m in [0m[36m2.481s[0m [2merror=agent exited: {%RuntimeError{message: "Agent run failed for issue_id=probe-1 issue_identifier=PR...[0m
╰─
[H[2J[1m╭─ SYMPHONY STATUS[0m
[1m│ Agents: [0m[32m0[0m[90m/[0m[90m1[0m
[1m│ Throughput: [0m[36m0 tps[0m
[1m│ Runtime: [0m[35m0m 0s[0m
[1m│ Tokens: [0m[33min 0[0m[90m | [0m[33mout 0[0m[90m | [0m[33mtotal 0[0m
[1m│ Rate Limits: [0m[90munavailable[0m
[1m│ Project: [0m[36mhttps://linear.app/project/probe/issues[0m
[1m│ Dashboard: [0m[36mhttp://127.0.0.1:42825/[0m
[1m│ Next refresh: [0m[36mchecking now…[0m
[1m├─ Running[0m
│
│   [90mID       STAGE          PID      AGE / TURN   TOKENS     SESSION        EVENT                                       [0m
│   [90m────────────────────────────────────────────────────────────────────────────────────────────────────────────────────[0m
│  [90mNo active agents[0m
│
[1m├─ Backoff queue[0m
│
│  [33m↻[0m [31mPROBE-1[0m [33mattempt=1[0m[2m in [0m[36m2.379s[0m [2merror=agent exited: {%RuntimeError{message: "Agent run failed for issue_id=probe-1 issue_identifier=PR...[0m
╰─
[H[2J[1m╭─ SYMPHONY STATUS[0m
[1m│ Agents: [0m[32m0[0m[90m/[0m[90m1[0m
[1m│ Throughput: [0m[36m0 tps[0m
[1m│ Runtime: [0m[35m0m 0s[0m
[1m│ Tokens: [0m[33min 0[0m[90m | [0m[33mout 0[0m[90m | [0m[33mtotal 0[0m
[1m│ Rate Limits: [0m[90munavailable[0m
[1m│ Project: [0m[36mhttps://linear.app/project/probe/issues[0m
[1m│ Dashboard: [0m[36mhttp://127.0.0.1:42825/[0m
[1m│ Next refresh: [0m[36m1s[0m
[1m├─ Running[0m
│
│   [90mID       STAGE          PID      AGE / TURN   TOKENS     SESSION        EVENT                                       [0m
│   [90m────────────────────────────────────────────────────────────────────────────────────────────────────────────────────[0m
│  [90mNo active agents[0m
│
[1m├─ Backoff queue[0m
│
│  [33m↻[0m [31mPROBE-1[0m [33mattempt=1[0m[2m in [0m[36m2.353s[0m [2merror=agent exited: {%RuntimeError{message: "Agent run failed for issue_id=probe-1 issue_identifier=PR...[0m
╰─
[H[2J[1m╭─ SYMPHONY STATUS[0m
[1m│ Agents: [0m[32m0[0m[90m/[0m[90m1[0m
[1m│ Throughput: [0m[36m0 tps[0m
[1m│ Runtime: [0m[35m0m 0s[0m
[1m│ Tokens: [0m[33min 0[0m[90m | [0m[33mout 0[0m[90m | [0m[33mtotal 0[0m
[1m│ Rate Limits: [0m[90munavailable[0m
[1m│ Project: [0m[36mhttps://linear.app/project/probe/issues[0m
[1m│ Dashboard: [0m[36mhttp://127.0.0.1:42825/[0m
[1m│ Next refresh: [0m[36mchecking now…[0m
[1m├─ Running[0m
│
│   [90mID       STAGE          PID      AGE / TURN   TOKENS     SESSION        EVENT                                       [0m
│   [90m────────────────────────────────────────────────────────────────────────────────────────────────────────────────────[0m
│  [90mNo active agents[0m
│
[1m├─ Backoff queue[0m
│
│  [33m↻[0m [31mPROBE-1[0m [33mattempt=1[0m[2m in [0m[36m2.252s[0m [2merror=agent exited: {%RuntimeError{message: "Agent run failed for issue_id=probe-1 issue_identifier=PR...[0m
╰─
[H[2J[1m╭─ SYMPHONY STATUS[0m
[1m│ Agents: [0m[32m0[0m[90m/[0m[90m1[0m
[1m│ Throughput: [0m[36m0 tps[0m
[1m│ Runtime: [0m[35m0m 0s[0m
[1m│ Tokens: [0m[33min 0[0m[90m | [0m[33mout 0[0m[90m | [0m[33mtotal 0[0m
[1m│ Rate Limits: [0m[90munavailable[0m
[1m│ Project: [0m[36mhttps://linear.app/project/probe/issues[0m
[1m│ Dashboard: [0m[36mhttp://127.0.0.1:42825/[0m
[1m│ Next refresh: [0m[36m1s[0m
[1m├─ Running[0m
│
│   [90mID       STAGE          PID      AGE / TURN   TOKENS     SESSION        EVENT                                       [0m
│   [90m────────────────────────────────────────────────────────────────────────────────────────────────────────────────────[0m
│  [90mNo active agents[0m
│
[1m├─ Backoff queue[0m
│
│  [33m↻[0m [31mPROBE-1[0m [33mattempt=1[0m[2m in [0m[36m2.225s[0m [2merror=agent exited: {%RuntimeError{message: "Agent run failed for issue_id=probe-1 issue_identifier=PR...[0m
╰─
[H[2J[1m╭─ SYMPHONY STATUS[0m
[1m│ Agents: [0m[32m0[0m[90m/[0m[90m1[0m
[1m│ Throughput: [0m[36m0 tps[0m
[1m│ Runtime: [0m[35m0m 0s[0m
[1m│ Tokens: [0m[33min 0[0m[90m | [0m[33mout 0[0m[90m | [0m[33mtotal 0[0m
[1m│ Rate Limits: [0m[90munavailable[0m
[1m│ Project: [0m[36mhttps://linear.app/project/probe/issues[0m
[1m│ Dashboard: [0m[36mhttp://127.0.0.1:42825/[0m
[1m│ Next refresh: [0m[36mchecking now…[0m
[1m├─ Running[0m
│
│   [90mID       STAGE          PID      AGE / TURN   TOKENS     SESSION        EVENT                                       [0m
│   [90m────────────────────────────────────────────────────────────────────────────────────────────────────────────────────[0m
│  [90mNo active agents[0m
│
[1m├─ Backoff queue[0m
│
│  [33m↻[0m [31mPROBE-1[0m [33mattempt=1[0m[2m in [0m[36m2.124s[0m [2merror=agent exited: {%RuntimeError{message: "Agent run failed for issue_id=probe-1 issue_identifier=PR...[0m
╰─
[H[2J[1m╭─ SYMPHONY STATUS[0m
[1m│ Agents: [0m[32m0[0m[90m/[0m[90m1[0m
[1m│ Throughput: [0m[36m0 tps[0m
[1m│ Runtime: [0m[35m0m 0s[0m
[1m│ Tokens: [0m[33min 0[0m[90m | [0m[33mout 0[0m[90m | [0m[33mtotal 0[0m
[1m│ Rate Limits: [0m[90munavailable[0m
[1m│ Project: [0m[36mhttps://linear.app/project/probe/issues[0m
[1m│ Dashboard: [0m[36mhttp://127.0.0.1:42825/[0m
[1m│ Next refresh: [0m[36m1s[0m
[1m├─ Running[0m
│
│   [90mID       STAGE          PID      AGE / TURN   TOKENS     SESSION        EVENT                                       [0m
│   [90m────────────────────────────────────────────────────────────────────────────────────────────────────────────────────[0m
│  [90mNo active agents[0m
│
[1m├─ Backoff queue[0m
│
│  [33m↻[0m [31mPROBE-1[0m [33mattempt=1[0m[2m in [0m[36m2.096s[0m [2merror=agent exited: {%RuntimeError{message: "Agent run failed for issue_id=probe-1 issue_identifier=PR...[0m
╰─
[H[2J[1m╭─ SYMPHONY STATUS[0m
[1m│ Agents: [0m[32m0[0m[90m/[0m[90m1[0m
[1m│ Throughput: [0m[36m0 tps[0m
[1m│ Runtime: [0m[35m0m 0s[0m
[1m│ Tokens: [0m[33min 0[0m[90m | [0m[33mout 0[0m[90m | [0m[33mtotal 0[0m
[1m│ Rate Limits: [0m[90munavailable[0m
[1m│ Project: [0m[36mhttps://linear.app/project/probe/issues[0m
[1m│ Dashboard: [0m[36mhttp://127.0.0.1:42825/[0m
[1m│ Next refresh: [0m[36m1s[0m
[1m├─ Running[0m
│
│   [90mID       STAGE          PID      AGE / TURN   TOKENS     SESSION        EVENT                                       [0m
│   [90m────────────────────────────────────────────────────────────────────────────────────────────────────────────────────[0m
│  [90mNo active agents[0m
│
[1m├─ Backoff queue[0m
│
│  [33m↻[0m [31mPROBE-1[0m [33mattempt=1[0m[2m in [0m[36m2.053s[0m [2merror=agent exited: {%RuntimeError{message: "Agent run failed for issue_id=probe-1 issue_identifier=PR...[0m
╰─
[H[2J[1m╭─ SYMPHONY STATUS[0m
[1m│ Agents: [0m[32m0[0m[90m/[0m[90m1[0m
[1m│ Throughput: [0m[36m0 tps[0m
[1m│ Runtime: [0m[35m0m 0s[0m
[1m│ Tokens: [0m[33min 0[0m[90m | [0m[33mout 0[0m[90m | [0m[33mtotal 0[0m
[1m│ Rate Limits: [0m[90munavailable[0m
[1m│ Project: [0m[36mhttps://linear.app/project/probe/issues[0m
[1m│ Dashboard: [0m[36mhttp://127.0.0.1:42825/[0m
[1m│ Next refresh: [0m[36mchecking now…[0m
[1m├─ Running[0m
│
│   [90mID       STAGE          PID      AGE / TURN   TOKENS     SESSION        EVENT                                       [0m
│   [90m────────────────────────────────────────────────────────────────────────────────────────────────────────────────────[0m
│  [90mNo active agents[0m
│
[1m├─ Backoff queue[0m
│
│  [33m↻[0m [31mPROBE-1[0m [33mattempt=1[0m[2m in [0m[36m1.995s[0m [2merror=agent exited: {%RuntimeError{message: "Agent run failed for issue_id=probe-1 issue_identifier=PR...[0m
╰─
[H[2J[1m╭─ SYMPHONY STATUS[0m
[1m│ Agents: [0m[32m0[0m[90m/[0m[90m1[0m
[1m│ Throughput: [0m[36m0 tps[0m
[1m│ Runtime: [0m[35m0m 0s[0m
[1m│ Tokens: [0m[33min 0[0m[90m | [0m[33mout 0[0m[90m | [0m[33mtotal 0[0m
[1m│ Rate Limits: [0m[90munavailable[0m
[1m│ Project: [0m[36mhttps://linear.app/project/probe/issues[0m
[1m│ Dashboard: [0m[36mhttp://127.0.0.1:42825/[0m
[1m│ Next refresh: [0m[36m1s[0m
[1m├─ Running[0m
│
│   [90mID       STAGE          PID      AGE / TURN   TOKENS     SESSION        EVENT                                       [0m
│   [90m────────────────────────────────────────────────────────────────────────────────────────────────────────────────────[0m
│  [90mNo active agents[0m
│
[1m├─ Backoff queue[0m
│
│  [33m↻[0m [31mPROBE-1[0m [33mattempt=1[0m[2m in [0m[36m1.969s[0m [2merror=agent exited: {%RuntimeError{message: "Agent run failed for issue_id=probe-1 issue_identifier=PR...[0m
╰─
[H[2J[1m╭─ SYMPHONY STATUS[0m
[1m│ Agents: [0m[32m0[0m[90m/[0m[90m1[0m
[1m│ Throughput: [0m[36m0 tps[0m
[1m│ Runtime: [0m[35m0m 0s[0m
[1m│ Tokens: [0m[33min 0[0m[90m | [0m[33mout 0[0m[90m | [0m[33mtotal 0[0m
[1m│ Rate Limits: [0m[90munavailable[0m
[1m│ Project: [0m[36mhttps://linear.app/project/probe/issues[0m
[1m│ Dashboard: [0m[36mhttp://127.0.0.1:42825/[0m
[1m│ Next refresh: [0m[36mchecking now…[0m
[1m├─ Running[0m
│
│   [90mID       STAGE          PID      AGE / TURN   TOKENS     SESSION        EVENT                                       [0m
│   [90m────────────────────────────────────────────────────────────────────────────────────────────────────────────────────[0m
│  [90mNo active agents[0m
│
[1m├─ Backoff queue[0m
│
│  [33m↻[0m [31mPROBE-1[0m [33mattempt=1[0m[2m in [0m[36m1.868s[0m [2merror=agent exited: {%RuntimeError{message: "Agent run failed for issue_id=probe-1 issue_identifier=PR...[0m
╰─
[H[2J[1m╭─ SYMPHONY STATUS[0m
[1m│ Agents: [0m[32m0[0m[90m/[0m[90m1[0m
[1m│ Throughput: [0m[36m0 tps[0m
[1m│ Runtime: [0m[35m0m 0s[0m
[1m│ Tokens: [0m[33min 0[0m[90m | [0m[33mout 0[0m[90m | [0m[33mtotal 0[0m
[1m│ Rate Limits: [0m[90munavailable[0m
[1m│ Project: [0m[36mhttps://linear.app/project/probe/issues[0m
[1m│ Dashboard: [0m[36mhttp://127.0.0.1:42825/[0m
[1m│ Next refresh: [0m[36m1s[0m
[1m├─ Running[0m
│
│   [90mID       STAGE          PID      AGE / TURN   TOKENS     SESSION        EVENT                                       [0m
│   [90m────────────────────────────────────────────────────────────────────────────────────────────────────────────────────[0m
│  [90mNo active agents[0m
│
[1m├─ Backoff queue[0m
│
│  [33m↻[0m [31mPROBE-1[0m [33mattempt=1[0m[2m in [0m[36m1.842s[0m [2merror=agent exited: {%RuntimeError{message: "Agent run failed for issue_id=probe-1 issue_identifier=PR...[0m
╰─
[H[2J[1m╭─ SYMPHONY STATUS[0m
[1m│ Agents: [0m[32m0[0m[90m/[0m[90m1[0m
[1m│ Throughput: [0m[36m0 tps[0m
[1m│ Runtime: [0m[35m0m 0s[0m
[1m│ Tokens: [0m[33min 0[0m[90m | [0m[33mout 0[0m[90m | [0m[33mtotal 0[0m
[1m│ Rate Limits: [0m[90munavailable[0m
[1m│ Project: [0m[36mhttps://linear.app/project/probe/issues[0m
[1m│ Dashboard: [0m[36mhttp://127.0.0.1:42825/[0m
[1m│ Next refresh: [0m[36mchecking now…[0m
[1m├─ Running[0m
│
│   [90mID       STAGE          PID      AGE / TURN   TOKENS     SESSION        EVENT                                       [0m
│   [90m────────────────────────────────────────────────────────────────────────────────────────────────────────────────────[0m
│  [90mNo active agents[0m
│
[1m├─ Backoff queue[0m
│
│  [33m↻[0m [31mPROBE-1[0m [33mattempt=1[0m[2m in [0m[36m1.742s[0m [2merror=agent exited: {%RuntimeError{message: "Agent run failed for issue_id=probe-1 issue_identifier=PR...[0m
╰─
[H[2J[1m╭─ SYMPHONY STATUS[0m
[1m│ Agents: [0m[32m0[0m[90m/[0m[90m1[0m
[1m│ Throughput: [0m[36m0 tps[0m
[1m│ Runtime: [0m[35m0m 0s[0m
[1m│ Tokens: [0m[33min 0[0m[90m | [0m[33mout 0[0m[90m | [0m[33mtotal 0[0m
[1m│ Rate Limits: [0m[90munavailable[0m
[1m│ Project: [0m[36mhttps://linear.app/project/probe/issues[0m
[1m│ Dashboard: [0m[36mhttp://127.0.0.1:42825/[0m
[1m│ Next refresh: [0m[36m1s[0m
[1m├─ Running[0m
│
│   [90mID       STAGE          PID      AGE / TURN   TOKENS     SESSION        EVENT                                       [0m
│   [90m────────────────────────────────────────────────────────────────────────────────────────────────────────────────────[0m
│  [90mNo active agents[0m
│
[1m├─ Backoff queue[0m
│
│  [33m↻[0m [31mPROBE-1[0m [33mattempt=1[0m[2m in [0m[36m1.716s[0m [2merror=agent exited: {%RuntimeError{message: "Agent run failed for issue_id=probe-1 issue_identifier=PR...[0m
╰─
[H[2J[1m╭─ SYMPHONY STATUS[0m
[1m│ Agents: [0m[32m0[0m[90m/[0m[90m1[0m
[1m│ Throughput: [0m[36m0 tps[0m
[1m│ Runtime: [0m[35m0m 0s[0m
[1m│ Tokens: [0m[33min 0[0m[90m | [0m[33mout 0[0m[90m | [0m[33mtotal 0[0m
[1m│ Rate Limits: [0m[90munavailable[0m
[1m│ Project: [0m[36mhttps://linear.app/project/probe/issues[0m
[1m│ Dashboard: [0m[36mhttp://127.0.0.1:42825/[0m
[1m│ Next refresh: [0m[36mchecking now…[0m
[1m├─ Running[0m
│
│   [90mID       STAGE          PID      AGE / TURN   TOKENS     SESSION        EVENT                                       [0m
│   [90m────────────────────────────────────────────────────────────────────────────────────────────────────────────────────[0m
│  [90mNo active agents[0m
│
[1m├─ Backoff queue[0m
│
│  [33m↻[0m [31mPROBE-1[0m [33mattempt=1[0m[2m in [0m[36m1.614s[0m [2merror=agent exited: {%RuntimeError{message: "Agent run failed for issue_id=probe-1 issue_identifier=PR...[0m
╰─
[H[2J[1m╭─ SYMPHONY STATUS[0m
[1m│ Agents: [0m[32m0[0m[90m/[0m[90m1[0m
[1m│ Throughput: [0m[36m0 tps[0m
[1m│ Runtime: [0m[35m0m 0s[0m
[1m│ Tokens: [0m[33min 0[0m[90m | [0m[33mout 0[0m[90m | [0m[33mtotal 0[0m
[1m│ Rate Limits: [0m[90munavailable[0m
[1m│ Project: [0m[36mhttps://linear.app/project/probe/issues[0m
[1m│ Dashboard: [0m[36mhttp://127.0.0.1:42825/[0m
[1m│ Next refresh: [0m[36m1s[0m
[1m├─ Running[0m
│
│   [90mID       STAGE          PID      AGE / TURN   TOKENS     SESSION        EVENT                                       [0m
│   [90m────────────────────────────────────────────────────────────────────────────────────────────────────────────────────[0m
│  [90mNo active agents[0m
│
[1m├─ Backoff queue[0m
│
│  [33m↻[0m [31mPROBE-1[0m [33mattempt=1[0m[2m in [0m[36m1.590s[0m [2merror=agent exited: {%RuntimeError{message: "Agent run failed for issue_id=probe-1 issue_identifier=PR...[0m
╰─
[H[2J[1m╭─ SYMPHONY STATUS[0m
[1m│ Agents: [0m[32m0[0m[90m/[0m[90m1[0m
[1m│ Throughput: [0m[36m0 tps[0m
[1m│ Runtime: [0m[35m0m 0s[0m
[1m│ Tokens: [0m[33min 0[0m[90m | [0m[33mout 0[0m[90m | [0m[33mtotal 0[0m
[1m│ Rate Limits: [0m[90munavailable[0m
[1m│ Project: [0m[36mhttps://linear.app/project/probe/issues[0m
[1m│ Dashboard: [0m[36mhttp://127.0.0.1:42825/[0m
[1m│ Next refresh: [0m[36mchecking now…[0m
[1m├─ Running[0m
│
│   [90mID       STAGE          PID      AGE / TURN   TOKENS     SESSION        EVENT                                       [0m
│   [90m────────────────────────────────────────────────────────────────────────────────────────────────────────────────────[0m
│  [90mNo active agents[0m
│
[1m├─ Backoff queue[0m
│
│  [33m↻[0m [31mPROBE-1[0m [33mattempt=1[0m[2m in [0m[36m1.488s[0m [2merror=agent exited: {%RuntimeError{message: "Agent run failed for issue_id=probe-1 issue_identifier=PR...[0m
╰─
[H[2J[1m╭─ SYMPHONY STATUS[0m
[1m│ Agents: [0m[32m0[0m[90m/[0m[90m1[0m
[1m│ Throughput: [0m[36m0 tps[0m
[1m│ Runtime: [0m[35m0m 0s[0m
[1m│ Tokens: [0m[33min 0[0m[90m | [0m[33mout 0[0m[90m | [0m[33mtotal 0[0m
[1m│ Rate Limits: [0m[90munavailable[0m
[1m│ Project: [0m[36mhttps://linear.app/project/probe/issues[0m
[1m│ Dashboard: [0m[36mhttp://127.0.0.1:42825/[0m
[1m│ Next refresh: [0m[36m1s[0m
[1m├─ Running[0m
│
│   [90mID       STAGE          PID      AGE / TURN   TOKENS     SESSION        EVENT                                       [0m
│   [90m────────────────────────────────────────────────────────────────────────────────────────────────────────────────────[0m
│  [90mNo active agents[0m
│
[1m├─ Backoff queue[0m
│
│  [33m↻[0m [31mPROBE-1[0m [33mattempt=1[0m[2m in [0m[36m1.462s[0m [2merror=agent exited: {%RuntimeError{message: "Agent run failed for issue_id=probe-1 issue_identifier=PR...[0m
╰─
[H[2J[1m╭─ SYMPHONY STATUS[0m
[1m│ Agents: [0m[32m0[0m[90m/[0m[90m1[0m
[1m│ Throughput: [0m[36m0 tps[0m
[1m│ Runtime: [0m[35m0m 0s[0m
[1m│ Tokens: [0m[33min 0[0m[90m | [0m[33mout 0[0m[90m | [0m[33mtotal 0[0m
[1m│ Rate Limits: [0m[90munavailable[0m
[1m│ Project: [0m[36mhttps://linear.app/project/probe/issues[0m
[1m│ Dashboard: [0m[36mhttp://127.0.0.1:42825/[0m
[1m│ Next refresh: [0m[36mchecking now…[0m
[1m├─ Running[0m
│
│   [90mID       STAGE          PID      AGE / TURN   TOKENS     SESSION        EVENT                                       [0m
│   [90m────────────────────────────────────────────────────────────────────────────────────────────────────────────────────[0m
│  [90mNo active agents[0m
│
[1m├─ Backoff queue[0m
│
│  [33m↻[0m [31mPROBE-1[0m [33mattempt=1[0m[2m in [0m[36m1.360s[0m [2merror=agent exited: {%RuntimeError{message: "Agent run failed for issue_id=probe-1 issue_identifier=PR...[0m
╰─
[H[2J[1m╭─ SYMPHONY STATUS[0m
[1m│ Agents: [0m[32m0[0m[90m/[0m[90m1[0m
[1m│ Throughput: [0m[36m0 tps[0m
[1m│ Runtime: [0m[35m0m 0s[0m
[1m│ Tokens: [0m[33min 0[0m[90m | [0m[33mout 0[0m[90m | [0m[33mtotal 0[0m
[1m│ Rate Limits: [0m[90munavailable[0m
[1m│ Project: [0m[36mhttps://linear.app/project/probe/issues[0m
[1m│ Dashboard: [0m[36mhttp://127.0.0.1:42825/[0m
[1m│ Next refresh: [0m[36m1s[0m
[1m├─ Running[0m
│
│   [90mID       STAGE          PID      AGE / TURN   TOKENS     SESSION        EVENT                                       [0m
│   [90m────────────────────────────────────────────────────────────────────────────────────────────────────────────────────[0m
│  [90mNo active agents[0m
│
[1m├─ Backoff queue[0m
│
│  [33m↻[0m [31mPROBE-1[0m [33mattempt=1[0m[2m in [0m[36m1.335s[0m [2merror=agent exited: {%RuntimeError{message: "Agent run failed for issue_id=probe-1 issue_identifier=PR...[0m
╰─
[H[2J[1m╭─ SYMPHONY STATUS[0m
[1m│ Agents: [0m[32m0[0m[90m/[0m[90m1[0m
[1m│ Throughput: [0m[36m0 tps[0m
[1m│ Runtime: [0m[35m0m 0s[0m
[1m│ Tokens: [0m[33min 0[0m[90m | [0m[33mout 0[0m[90m | [0m[33mtotal 0[0m
[1m│ Rate Limits: [0m[90munavailable[0m
[1m│ Project: [0m[36mhttps://linear.app/project/probe/issues[0m
[1m│ Dashboard: [0m[36mhttp://127.0.0.1:42825/[0m
[1m│ Next refresh: [0m[36mchecking now…[0m
[1m├─ Running[0m
│
│   [90mID       STAGE          PID      AGE / TURN   TOKENS     SESSION        EVENT                                       [0m
│   [90m────────────────────────────────────────────────────────────────────────────────────────────────────────────────────[0m
│  [90mNo active agents[0m
│
[1m├─ Backoff queue[0m
│
│  [33m↻[0m [31mPROBE-1[0m [33mattempt=1[0m[2m in [0m[36m1.234s[0m [2merror=agent exited: {%RuntimeError{message: "Agent run failed for issue_id=probe-1 issue_identifier=PR...[0m
╰─
[H[2J[1m╭─ SYMPHONY STATUS[0m
[1m│ Agents: [0m[32m0[0m[90m/[0m[90m1[0m
[1m│ Throughput: [0m[36m0 tps[0m
[1m│ Runtime: [0m[35m0m 0s[0m
[1m│ Tokens: [0m[33min 0[0m[90m | [0m[33mout 0[0m[90m | [0m[33mtotal 0[0m
[1m│ Rate Limits: [0m[90munavailable[0m
[1m│ Project: [0m[36mhttps://linear.app/project/probe/issues[0m
[1m│ Dashboard: [0m[36mhttp://127.0.0.1:42825/[0m
[1m│ Next refresh: [0m[36m1s[0m
[1m├─ Running[0m
│
│   [90mID       STAGE          PID      AGE / TURN   TOKENS     SESSION        EVENT                                       [0m
│   [90m────────────────────────────────────────────────────────────────────────────────────────────────────────────────────[0m
│  [90mNo active agents[0m
│
[1m├─ Backoff queue[0m
│
│  [33m↻[0m [31mPROBE-1[0m [33mattempt=1[0m[2m in [0m[36m1.206s[0m [2merror=agent exited: {%RuntimeError{message: "Agent run failed for issue_id=probe-1 issue_identifier=PR...[0m
╰─
[H[2J[1m╭─ SYMPHONY STATUS[0m
[1m│ Agents: [0m[32m0[0m[90m/[0m[90m1[0m
[1m│ Throughput: [0m[36m0 tps[0m
[1m│ Runtime: [0m[35m0m 0s[0m
[1m│ Tokens: [0m[33min 0[0m[90m | [0m[33mout 0[0m[90m | [0m[33mtotal 0[0m
[1m│ Rate Limits: [0m[90munavailable[0m
[1m│ Project: [0m[36mhttps://linear.app/project/probe/issues[0m
[1m│ Dashboard: [0m[36mhttp://127.0.0.1:42825/[0m
[1m│ Next refresh: [0m[36mchecking now…[0m
[1m├─ Running[0m
│
│   [90mID       STAGE          PID      AGE / TURN   TOKENS     SESSION        EVENT                                       [0m
│   [90m────────────────────────────────────────────────────────────────────────────────────────────────────────────────────[0m
│  [90mNo active agents[0m
│
[1m├─ Backoff queue[0m
│
│  [33m↻[0m [31mPROBE-1[0m [33mattempt=1[0m[2m in [0m[36m1.105s[0m [2merror=agent exited: {%RuntimeError{message: "Agent run failed for issue_id=probe-1 issue_identifier=PR...[0m
╰─
[H[2J[1m╭─ SYMPHONY STATUS[0m
[1m│ Agents: [0m[32m0[0m[90m/[0m[90m1[0m
[1m│ Throughput: [0m[36m0 tps[0m
[1m│ Runtime: [0m[35m0m 0s[0m
[1m│ Tokens: [0m[33min 0[0m[90m | [0m[33mout 0[0m[90m | [0m[33mtotal 0[0m
[1m│ Rate Limits: [0m[90munavailable[0m
[1m│ Project: [0m[36mhttps://linear.app/project/probe/issues[0m
[1m│ Dashboard: [0m[36mhttp://127.0.0.1:42825/[0m
[1m│ Next refresh: [0m[36m1s[0m
[1m├─ Running[0m
│
│   [90mID       STAGE          PID      AGE / TURN   TOKENS     SESSION        EVENT                                       [0m
│   [90m────────────────────────────────────────────────────────────────────────────────────────────────────────────────────[0m
│  [90mNo active agents[0m
│
[1m├─ Backoff queue[0m
│
│  [33m↻[0m [31mPROBE-1[0m [33mattempt=1[0m[2m in [0m[36m1.077s[0m [2merror=agent exited: {%RuntimeError{message: "Agent run failed for issue_id=probe-1 issue_identifier=PR...[0m
╰─
[H[2J[1m╭─ SYMPHONY STATUS[0m
[1m│ Agents: [0m[32m0[0m[90m/[0m[90m1[0m
[1m│ Throughput: [0m[36m0 tps[0m
[1m│ Runtime: [0m[35m0m 0s[0m
[1m│ Tokens: [0m[33min 0[0m[90m | [0m[33mout 0[0m[90m | [0m[33mtotal 0[0m
[1m│ Rate Limits: [0m[90munavailable[0m
[1m│ Project: [0m[36mhttps://linear.app/project/probe/issues[0m
[1m│ Dashboard: [0m[36mhttp://127.0.0.1:42825/[0m
[1m│ Next refresh: [0m[36m1s[0m
[1m├─ Running[0m
│
│   [90mID       STAGE          PID      AGE / TURN   TOKENS     SESSION        EVENT                                       [0m
│   [90m────────────────────────────────────────────────────────────────────────────────────────────────────────────────────[0m
│  [90mNo active agents[0m
│
[1m├─ Backoff queue[0m
│
│  [33m↻[0m [31mPROBE-1[0m [33mattempt=1[0m[2m in [0m[36m1.050s[0m [2merror=agent exited: {%RuntimeError{message: "Agent run failed for issue_id=probe-1 issue_identifier=PR...[0m
╰─
[H[2J[1m╭─ SYMPHONY STATUS[0m
[1m│ Agents: [0m[32m0[0m[90m/[0m[90m1[0m
[1m│ Throughput: [0m[36m0 tps[0m
[1m│ Runtime: [0m[35m0m 0s[0m
[1m│ Tokens: [0m[33min 0[0m[90m | [0m[33mout 0[0m[90m | [0m[33mtotal 0[0m
[1m│ Rate Limits: [0m[90munavailable[0m
[1m│ Project: [0m[36mhttps://linear.app/project/probe/issues[0m
[1m│ Dashboard: [0m[36mhttp://127.0.0.1:42825/[0m
[1m│ Next refresh: [0m[36mchecking now…[0m
[1m├─ Running[0m
│
│   [90mID       STAGE          PID      AGE / TURN   TOKENS     SESSION        EVENT                                       [0m
│   [90m────────────────────────────────────────────────────────────────────────────────────────────────────────────────────[0m
│  [90mNo active agents[0m
│
[1m├─ Backoff queue[0m
│
│  [33m↻[0m [31mPROBE-1[0m [33mattempt=1[0m[2m in [0m[36m0.974s[0m [2merror=agent exited: {%RuntimeError{message: "Agent run failed for issue_id=probe-1 issue_identifier=PR...[0m
╰─
[H[2J[1m╭─ SYMPHONY STATUS[0m
[1m│ Agents: [0m[32m0[0m[90m/[0m[90m1[0m
[1m│ Throughput: [0m[36m0 tps[0m
[1m│ Runtime: [0m[35m0m 0s[0m
[1m│ Tokens: [0m[33min 0[0m[90m | [0m[33mout 0[0m[90m | [0m[33mtotal 0[0m
[1m│ Rate Limits: [0m[90munavailable[0m
[1m│ Project: [0m[36mhttps://linear.app/project/probe/issues[0m
[1m│ Dashboard: [0m[36mhttp://127.0.0.1:42825/[0m
[1m│ Next refresh: [0m[36m1s[0m
[1m├─ Running[0m
│
│   [90mID       STAGE          PID      AGE / TURN   TOKENS     SESSION        EVENT                                       [0m
│   [90m────────────────────────────────────────────────────────────────────────────────────────────────────────────────────[0m
│  [90mNo active agents[0m
│
[1m├─ Backoff queue[0m
│
│  [33m↻[0m [31mPROBE-1[0m [33mattempt=1[0m[2m in [0m[36m0.947s[0m [2merror=agent exited: {%RuntimeError{message: "Agent run failed for issue_id=probe-1 issue_identifier=PR...[0m
╰─
[H[2J[1m╭─ SYMPHONY STATUS[0m
[1m│ Agents: [0m[32m0[0m[90m/[0m[90m1[0m
[1m│ Throughput: [0m[36m0 tps[0m
[1m│ Runtime: [0m[35m0m 0s[0m
[1m│ Tokens: [0m[33min 0[0m[90m | [0m[33mout 0[0m[90m | [0m[33mtotal 0[0m
[1m│ Rate Limits: [0m[90munavailable[0m
[1m│ Project: [0m[36mhttps://linear.app/project/probe/issues[0m
[1m│ Dashboard: [0m[36mhttp://127.0.0.1:42825/[0m
[1m│ Next refresh: [0m[36mchecking now…[0m
[1m├─ Running[0m
│
│   [90mID       STAGE          PID      AGE / TURN   TOKENS     SESSION        EVENT                                       [0m
│   [90m────────────────────────────────────────────────────────────────────────────────────────────────────────────────────[0m
│  [90mNo active agents[0m
│
[1m├─ Backoff queue[0m
│
│  [33m↻[0m [31mPROBE-1[0m [33mattempt=1[0m[2m in [0m[36m0.846s[0m [2merror=agent exited: {%RuntimeError{message: "Agent run failed for issue_id=probe-1 issue_identifier=PR...[0m
╰─
[H[2J[1m╭─ SYMPHONY STATUS[0m
[1m│ Agents: [0m[32m0[0m[90m/[0m[90m1[0m
[1m│ Throughput: [0m[36m0 tps[0m
[1m│ Runtime: [0m[35m0m 0s[0m
[1m│ Tokens: [0m[33min 0[0m[90m | [0m[33mout 0[0m[90m | [0m[33mtotal 0[0m
[1m│ Rate Limits: [0m[90munavailable[0m
[1m│ Project: [0m[36mhttps://linear.app/project/probe/issues[0m
[1m│ Dashboard: [0m[36mhttp://127.0.0.1:42825/[0m
[1m│ Next refresh: [0m[36m1s[0m
[1m├─ Running[0m
│
│   [90mID       STAGE          PID      AGE / TURN   TOKENS     SESSION        EVENT                                       [0m
│   [90m────────────────────────────────────────────────────────────────────────────────────────────────────────────────────[0m
│  [90mNo active agents[0m
│
[1m├─ Backoff queue[0m
│
│  [33m↻[0m [31mPROBE-1[0m [33mattempt=1[0m[2m in [0m[36m0.819s[0m [2merror=agent exited: {%RuntimeError{message: "Agent run failed for issue_id=probe-1 issue_identifier=PR...[0m
╰─
[H[2J[1m╭─ SYMPHONY STATUS[0m
[1m│ Agents: [0m[32m0[0m[90m/[0m[90m1[0m
[1m│ Throughput: [0m[36m0 tps[0m
[1m│ Runtime: [0m[35m0m 0s[0m
[1m│ Tokens: [0m[33min 0[0m[90m | [0m[33mout 0[0m[90m | [0m[33mtotal 0[0m
[1m│ Rate Limits: [0m[90munavailable[0m
[1m│ Project: [0m[36mhttps://linear.app/project/probe/issues[0m
[1m│ Dashboard: [0m[36mhttp://127.0.0.1:42825/[0m
[1m│ Next refresh: [0m[36mchecking now…[0m
[1m├─ Running[0m
│
│   [90mID       STAGE          PID      AGE / TURN   TOKENS     SESSION        EVENT                                       [0m
│   [90m────────────────────────────────────────────────────────────────────────────────────────────────────────────────────[0m
│  [90mNo active agents[0m
│
[1m├─ Backoff queue[0m
│
│  [33m↻[0m [31mPROBE-1[0m [33mattempt=1[0m[2m in [0m[36m0.718s[0m [2merror=agent exited: {%RuntimeError{message: "Agent run failed for issue_id=probe-1 issue_identifier=PR...[0m
╰─
[H[2J[1m╭─ SYMPHONY STATUS[0m
[1m│ Agents: [0m[32m0[0m[90m/[0m[90m1[0m
[1m│ Throughput: [0m[36m0 tps[0m
[1m│ Runtime: [0m[35m0m 0s[0m
[1m│ Tokens: [0m[33min 0[0m[90m | [0m[33mout 0[0m[90m | [0m[33mtotal 0[0m
[1m│ Rate Limits: [0m[90munavailable[0m
[1m│ Project: [0m[36mhttps://linear.app/project/probe/issues[0m
[1m│ Dashboard: [0m[36mhttp://127.0.0.1:42825/[0m
[1m│ Next refresh: [0m[36m1s[0m
[1m├─ Running[0m
│
│   [90mID       STAGE          PID      AGE / TURN   TOKENS     SESSION        EVENT                                       [0m
│   [90m────────────────────────────────────────────────────────────────────────────────────────────────────────────────────[0m
│  [90mNo active agents[0m
│
[1m├─ Backoff queue[0m
│
│  [33m↻[0m [31mPROBE-1[0m [33mattempt=1[0m[2m in [0m[36m0.691s[0m [2merror=agent exited: {%RuntimeError{message: "Agent run failed for issue_id=probe-1 issue_identifier=PR...[0m
╰─
[H[2J[1m╭─ SYMPHONY STATUS[0m
[1m│ Agents: [0m[32m0[0m[90m/[0m[90m1[0m
[1m│ Throughput: [0m[36m0 tps[0m
[1m│ Runtime: [0m[35m0m 0s[0m
[1m│ Tokens: [0m[33min 0[0m[90m | [0m[33mout 0[0m[90m | [0m[33mtotal 0[0m
[1m│ Rate Limits: [0m[90munavailable[0m
[1m│ Project: [0m[36mhttps://linear.app/project/probe/issues[0m
[1m│ Dashboard: [0m[36mhttp://127.0.0.1:42825/[0m
[1m│ Next refresh: [0m[36mchecking now…[0m
[1m├─ Running[0m
│
│   [90mID       STAGE          PID      AGE / TURN   TOKENS     SESSION        EVENT                                       [0m
│   [90m────────────────────────────────────────────────────────────────────────────────────────────────────────────────────[0m
│  [90mNo active agents[0m
│
[1m├─ Backoff queue[0m
│
│  [33m↻[0m [31mPROBE-1[0m [33mattempt=1[0m[2m in [0m[36m0.589s[0m [2merror=agent exited: {%RuntimeError{message: "Agent run failed for issue_id=probe-1 issue_identifier=PR...[0m
╰─
[H[2J[1m╭─ SYMPHONY STATUS[0m
[1m│ Agents: [0m[32m0[0m[90m/[0m[90m1[0m
[1m│ Throughput: [0m[36m0 tps[0m
[1m│ Runtime: [0m[35m0m 0s[0m
[1m│ Tokens: [0m[33min 0[0m[90m | [0m[33mout 0[0m[90m | [0m[33mtotal 0[0m
[1m│ Rate Limits: [0m[90munavailable[0m
[1m│ Project: [0m[36mhttps://linear.app/project/probe/issues[0m
[1m│ Dashboard: [0m[36mhttp://127.0.0.1:42825/[0m
[1m│ Next refresh: [0m[36m1s[0m
[1m├─ Running[0m
│
│   [90mID       STAGE          PID      AGE / TURN   TOKENS     SESSION        EVENT                                       [0m
│   [90m────────────────────────────────────────────────────────────────────────────────────────────────────────────────────[0m
│  [90mNo active agents[0m
│
[1m├─ Backoff queue[0m
│
│  [33m↻[0m [31mPROBE-1[0m [33mattempt=1[0m[2m in [0m[36m0.561s[0m [2merror=agent exited: {%RuntimeError{message: "Agent run failed for issue_id=probe-1 issue_identifier=PR...[0m
╰─
[H[2J[1m╭─ SYMPHONY STATUS[0m
[1m│ Agents: [0m[32m0[0m[90m/[0m[90m1[0m
[1m│ Throughput: [0m[36m0 tps[0m
[1m│ Runtime: [0m[35m0m 0s[0m
[1m│ Tokens: [0m[33min 0[0m[90m | [0m[33mout 0[0m[90m | [0m[33mtotal 0[0m
[1m│ Rate Limits: [0m[90munavailable[0m
[1m│ Project: [0m[36mhttps://linear.app/project/probe/issues[0m
[1m│ Dashboard: [0m[36mhttp://127.0.0.1:42825/[0m
[1m│ Next refresh: [0m[36mchecking now…[0m
[1m├─ Running[0m
│
│   [90mID       STAGE          PID      AGE / TURN   TOKENS     SESSION        EVENT                                       [0m
│   [90m────────────────────────────────────────────────────────────────────────────────────────────────────────────────────[0m
│  [90mNo active agents[0m
│
[1m├─ Backoff queue[0m
│
│  [33m↻[0m [31mPROBE-1[0m [33mattempt=1[0m[2m in [0m[36m0.461s[0m [2merror=agent exited: {%RuntimeError{message: "Agent run failed for issue_id=probe-1 issue_identifier=PR...[0m
╰─
[H[2J[1m╭─ SYMPHONY STATUS[0m
[1m│ Agents: [0m[32m0[0m[90m/[0m[90m1[0m
[1m│ Throughput: [0m[36m0 tps[0m
[1m│ Runtime: [0m[35m0m 0s[0m
[1m│ Tokens: [0m[33min 0[0m[90m | [0m[33mout 0[0m[90m | [0m[33mtotal 0[0m
[1m│ Rate Limits: [0m[90munavailable[0m
[1m│ Project: [0m[36mhttps://linear.app/project/probe/issues[0m
[1m│ Dashboard: [0m[36mhttp://127.0.0.1:42825/[0m
[1m│ Next refresh: [0m[36m1s[0m
[1m├─ Running[0m
│
│   [90mID       STAGE          PID      AGE / TURN   TOKENS     SESSION        EVENT                                       [0m
│   [90m────────────────────────────────────────────────────────────────────────────────────────────────────────────────────[0m
│  [90mNo active agents[0m
│
[1m├─ Backoff queue[0m
│
│  [33m↻[0m [31mPROBE-1[0m [33mattempt=1[0m[2m in [0m[36m0.432s[0m [2merror=agent exited: {%RuntimeError{message: "Agent run failed for issue_id=probe-1 issue_identifier=PR...[0m
╰─
[H[2J[1m╭─ SYMPHONY STATUS[0m
[1m│ Agents: [0m[32m0[0m[90m/[0m[90m1[0m
[1m│ Throughput: [0m[36m0 tps[0m
[1m│ Runtime: [0m[35m0m 0s[0m
[1m│ Tokens: [0m[33min 0[0m[90m | [0m[33mout 0[0m[90m | [0m[33mtotal 0[0m
[1m│ Rate Limits: [0m[90munavailable[0m
[1m│ Project: [0m[36mhttps://linear.app/project/probe/issues[0m
[1m│ Dashboard: [0m[36mhttp://127.0.0.1:42825/[0m
[1m│ Next refresh: [0m[36mchecking now…[0m
[1m├─ Running[0m
│
│   [90mID       STAGE          PID      AGE / TURN   TOKENS     SESSION        EVENT                                       [0m
│   [90m────────────────────────────────────────────────────────────────────────────────────────────────────────────────────[0m
│  [90mNo active agents[0m
│
[1m├─ Backoff queue[0m
│
│  [33m↻[0m [31mPROBE-1[0m [33mattempt=1[0m[2m in [0m[36m0.331s[0m [2merror=agent exited: {%RuntimeError{message: "Agent run failed for issue_id=probe-1 issue_identifier=PR...[0m
╰─
[H[2J[1m╭─ SYMPHONY STATUS[0m
[1m│ Agents: [0m[32m0[0m[90m/[0m[90m1[0m
[1m│ Throughput: [0m[36m0 tps[0m
[1m│ Runtime: [0m[35m0m 0s[0m
[1m│ Tokens: [0m[33min 0[0m[90m | [0m[33mout 0[0m[90m | [0m[33mtotal 0[0m
[1m│ Rate Limits: [0m[90munavailable[0m
[1m│ Project: [0m[36mhttps://linear.app/project/probe/issues[0m
[1m│ Dashboard: [0m[36mhttp://127.0.0.1:42825/[0m
[1m│ Next refresh: [0m[36m1s[0m
[1m├─ Running[0m
│
│   [90mID       STAGE          PID      AGE / TURN   TOKENS     SESSION        EVENT                                       [0m
│   [90m────────────────────────────────────────────────────────────────────────────────────────────────────────────────────[0m
│  [90mNo active agents[0m
│
[1m├─ Backoff queue[0m
│
│  [33m↻[0m [31mPROBE-1[0m [33mattempt=1[0m[2m in [0m[36m0.304s[0m [2merror=agent exited: {%RuntimeError{message: "Agent run failed for issue_id=probe-1 issue_identifier=PR...[0m
╰─
[H[2J[1m╭─ SYMPHONY STATUS[0m
[1m│ Agents: [0m[32m0[0m[90m/[0m[90m1[0m
[1m│ Throughput: [0m[36m0 tps[0m
[1m│ Runtime: [0m[35m0m 0s[0m
[1m│ Tokens: [0m[33min 0[0m[90m | [0m[33mout 0[0m[90m | [0m[33mtotal 0[0m
[1m│ Rate Limits: [0m[90munavailable[0m
[1m│ Project: [0m[36mhttps://linear.app/project/probe/issues[0m
[1m│ Dashboard: [0m[36mhttp://127.0.0.1:42825/[0m
[1m│ Next refresh: [0m[36mchecking now…[0m
[1m├─ Running[0m
│
│   [90mID       STAGE          PID      AGE / TURN   TOKENS     SESSION        EVENT                                       [0m
│   [90m────────────────────────────────────────────────────────────────────────────────────────────────────────────────────[0m
│  [90mNo active agents[0m
│
[1m├─ Backoff queue[0m
│
│  [33m↻[0m [31mPROBE-1[0m [33mattempt=1[0m[2m in [0m[36m0.202s[0m [2merror=agent exited: {%RuntimeError{message: "Agent run failed for issue_id=probe-1 issue_identifier=PR...[0m
╰─
[H[2J[1m╭─ SYMPHONY STATUS[0m
[1m│ Agents: [0m[32m0[0m[90m/[0m[90m1[0m
[1m│ Throughput: [0m[36m0 tps[0m
[1m│ Runtime: [0m[35m0m 0s[0m
[1m│ Tokens: [0m[33min 0[0m[90m | [0m[33mout 0[0m[90m | [0m[33mtotal 0[0m
[1m│ Rate Limits: [0m[90munavailable[0m
[1m│ Project: [0m[36mhttps://linear.app/project/probe/issues[0m
[1m│ Dashboard: [0m[36mhttp://127.0.0.1:42825/[0m
[1m│ Next refresh: [0m[36m1s[0m
[1m├─ Running[0m
│
│   [90mID       STAGE          PID      AGE / TURN   TOKENS     SESSION        EVENT                                       [0m
│   [90m────────────────────────────────────────────────────────────────────────────────────────────────────────────────────[0m
│  [90mNo active agents[0m
│
[1m├─ Backoff queue[0m
│
│  [33m↻[0m [31mPROBE-1[0m [33mattempt=1[0m[2m in [0m[36m0.177s[0m [2merror=agent exited: {%RuntimeError{message: "Agent run failed for issue_id=probe-1 issue_identifier=PR...[0m
╰─
[H[2J[1m╭─ SYMPHONY STATUS[0m
[1m│ Agents: [0m[32m0[0m[90m/[0m[90m1[0m
[1m│ Throughput: [0m[36m0 tps[0m
[1m│ Runtime: [0m[35m0m 0s[0m
[1m│ Tokens: [0m[33min 0[0m[90m | [0m[33mout 0[0m[90m | [0m[33mtotal 0[0m
[1m│ Rate Limits: [0m[90munavailable[0m
[1m│ Project: [0m[36mhttps://linear.app/project/probe/issues[0m
[1m│ Dashboard: [0m[36mhttp://127.0.0.1:42825/[0m
[1m│ Next refresh: [0m[36mchecking now…[0m
[1m├─ Running[0m
│
│   [90mID       STAGE          PID      AGE / TURN   TOKENS     SESSION        EVENT                                       [0m
│   [90m────────────────────────────────────────────────────────────────────────────────────────────────────────────────────[0m
│  [90mNo active agents[0m
│
[1m├─ Backoff queue[0m
│
│  [33m↻[0m [31mPROBE-1[0m [33mattempt=1[0m[2m in [0m[36m0.076s[0m [2merror=agent exited: {%RuntimeError{message: "Agent run failed for issue_id=probe-1 issue_identifier=PR...[0m
╰─
[H[2J[1m╭─ SYMPHONY STATUS[0m
[1m│ Agents: [0m[32m0[0m[90m/[0m[90m1[0m
[1m│ Throughput: [0m[36m0 tps[0m
[1m│ Runtime: [0m[35m0m 0s[0m
[1m│ Tokens: [0m[33min 0[0m[90m | [0m[33mout 0[0m[90m | [0m[33mtotal 0[0m
[1m│ Rate Limits: [0m[90munavailable[0m
[1m│ Project: [0m[36mhttps://linear.app/project/probe/issues[0m
[1m│ Dashboard: [0m[36mhttp://127.0.0.1:42825/[0m
[1m│ Next refresh: [0m[36m1s[0m
[1m├─ Running[0m
│
│   [90mID       STAGE          PID      AGE / TURN   TOKENS     SESSION        EVENT                                       [0m
│   [90m────────────────────────────────────────────────────────────────────────────────────────────────────────────────────[0m
│  [90mNo active agents[0m
│
[1m├─ Backoff queue[0m
│
│  [33m↻[0m [31mPROBE-1[0m [33mattempt=1[0m[2m in [0m[36m0.051s[0m [2merror=agent exited: {%RuntimeError{message: "Agent run failed for issue_id=probe-1 issue_identifier=PR...[0m
╰─
[H[2J[1m╭─ SYMPHONY STATUS[0m
[1m│ Agents: [0m[32m0[0m[90m/[0m[90m1[0m
[1m│ Throughput: [0m[36m0 tps[0m
[1m│ Runtime: [0m[35m0m 0s[0m
[1m│ Tokens: [0m[33min 0[0m[90m | [0m[33mout 0[0m[90m | [0m[33mtotal 0[0m
[1m│ Rate Limits: [0m[90munavailable[0m
[1m│ Project: [0m[36mhttps://linear.app/project/probe/issues[0m
[1m│ Dashboard: [0m[36mhttp://127.0.0.1:42825/[0m
[1m│ Next refresh: [0m[36m1s[0m
[1m├─ Running[0m
│
│   [90mID       STAGE          PID      AGE / TURN   TOKENS     SESSION        EVENT                                       [0m
│   [90m────────────────────────────────────────────────────────────────────────────────────────────────────────────────────[0m
│  [90mNo active agents[0m
│
[1m├─ Backoff queue[0m
│
│  [33m↻[0m [31mPROBE-1[0m [33mattempt=1[0m[2m in [0m[36m0.048s[0m [2merror=agent exited: {%RuntimeError{message: "Agent run failed for issue_id=probe-1 issue_identifier=PR...[0m
╰─
[H[2J[1m╭─ SYMPHONY STATUS[0m
[1m│ Agents: [0m[32m1[0m[90m/[0m[90m1[0m
[1m│ Throughput: [0m[36m0 tps[0m
[1m│ Runtime: [0m[35m0m 0s[0m
[1m│ Tokens: [0m[33min 0[0m[90m | [0m[33mout 0[0m[90m | [0m[33mtotal 0[0m
[1m│ Rate Limits: [0m[90munavailable[0m
[1m│ Project: [0m[36mhttps://linear.app/project/probe/issues[0m
[1m│ Dashboard: [0m[36mhttp://127.0.0.1:42825/[0m
[1m│ Next refresh: [0m[36m1s[0m
[1m├─ Running[0m
│
│   [90mID       STAGE          PID      AGE / TURN   TOKENS     SESSION        EVENT                                       [0m
│   [90m────────────────────────────────────────────────────────────────────────────────────────────────────────────────────[0m
│ [34m●[0m [36mPROBE-1 [0m [34mTodo          [0m [33mn/a     [0m [35m0m 0s       [0m [33m         0[0m [36mn/a           [0m [34mno codex message yet                        [0m
│
[1m├─ Backoff queue[0m
│
│  [90mNo queued retries[0m
╰─
[H[2J[1m╭─ SYMPHONY STATUS[0m
[1m│ Agents: [0m[32m0[0m[90m/[0m[90m1[0m
[1m│ Throughput: [0m[36m0 tps[0m
[1m│ Runtime: [0m[35m0m 0s[0m
[1m│ Tokens: [0m[33min 0[0m[90m | [0m[33mout 0[0m[90m | [0m[33mtotal 0[0m
[1m│ Rate Limits: [0m[90munavailable[0m
[1m│ Project: [0m[36mhttps://linear.app/project/probe/issues[0m
[1m│ Dashboard: [0m[36mhttp://127.0.0.1:42825/[0m
[1m│ Next refresh: [0m[36m1s[0m
[1m├─ Running[0m
│
│   [90mID       STAGE          PID      AGE / TURN   TOKENS     SESSION        EVENT                                       [0m
│   [90m────────────────────────────────────────────────────────────────────────────────────────────────────────────────────[0m
│  [90mNo active agents[0m
│
[1m├─ Backoff queue[0m
│
│  [33m↻[0m [31mPROBE-1[0m [33mattempt=2[0m[2m in [0m[36m19.999s[0m [2merror=agent exited: {%RuntimeError{message: "Agent run failed for issue_id=probe-1 issue_identifier=PR...[0m
╰─
[H[2J[1m╭─ SYMPHONY STATUS[0m
[1m│ Agents: [0m[32m0[0m[90m/[0m[90m1[0m
[1m│ Throughput: [0m[36m0 tps[0m
[1m│ Runtime: [0m[35m0m 0s[0m
[1m│ Tokens: [0m[33min 0[0m[90m | [0m[33mout 0[0m[90m | [0m[33mtotal 0[0m
[1m│ Rate Limits: [0m[90munavailable[0m
[1m│ Project: [0m[36mhttps://linear.app/project/probe/issues[0m
[1m│ Dashboard: [0m[36mhttp://127.0.0.1:42825/[0m
[1m│ Next refresh: [0m[36mchecking now…[0m
[1m├─ Running[0m
│
│   [90mID       STAGE          PID      AGE / TURN   TOKENS     SESSION        EVENT                                       [0m
│   [90m────────────────────────────────────────────────────────────────────────────────────────────────────────────────────[0m
│  [90mNo active agents[0m
│
[1m├─ Backoff queue[0m
│
│  [33m↻[0m [31mPROBE-1[0m [33mattempt=2[0m[2m in [0m[36m19.985s[0m [2merror=agent exited: {%RuntimeError{message: "Agent run failed for issue_id=probe-1 issue_identifier=PR...[0m
╰─
[H[2J[1m╭─ SYMPHONY STATUS[0m
[1m│ Agents: [0m[32m0[0m[90m/[0m[90m1[0m
[1m│ Throughput: [0m[36m0 tps[0m
[1m│ Runtime: [0m[35m0m 0s[0m
[1m│ Tokens: [0m[33min 0[0m[90m | [0m[33mout 0[0m[90m | [0m[33mtotal 0[0m
[1m│ Rate Limits: [0m[90munavailable[0m
[1m│ Project: [0m[36mhttps://linear.app/project/probe/issues[0m
[1m│ Dashboard: [0m[36mhttp://127.0.0.1:42825/[0m
[1m│ Next refresh: [0m[36m1s[0m
[1m├─ Running[0m
│
│   [90mID       STAGE          PID      AGE / TURN   TOKENS     SESSION        EVENT                                       [0m
│   [90m────────────────────────────────────────────────────────────────────────────────────────────────────────────────────[0m
│  [90mNo active agents[0m
│
[1m├─ Backoff queue[0m
│
│  [33m↻[0m [31mPROBE-1[0m [33mattempt=2[0m[2m in [0m[36m19.960s[0m [2merror=agent exited: {%RuntimeError{message: "Agent run failed for issue_id=probe-1 issue_identifier=PR...[0m
╰─
[H[2J[1m╭─ SYMPHONY STATUS[0m
[1m│ Agents: [0m[32m0[0m[90m/[0m[90m1[0m
[1m│ Throughput: [0m[36m0 tps[0m
[1m│ Runtime: [0m[35m0m 0s[0m
[1m│ Tokens: [0m[33min 0[0m[90m | [0m[33mout 0[0m[90m | [0m[33mtotal 0[0m
[1m│ Rate Limits: [0m[90munavailable[0m
[1m│ Project: [0m[36mhttps://linear.app/project/probe/issues[0m
[1m│ Dashboard: [0m[36mhttp://127.0.0.1:42825/[0m
[1m│ Next refresh: [0m[36mchecking now…[0m
[1m├─ Running[0m
│
│   [90mID       STAGE          PID      AGE / TURN   TOKENS     SESSION        EVENT                                       [0m
│   [90m────────────────────────────────────────────────────────────────────────────────────────────────────────────────────[0m
│  [90mNo active agents[0m
│
[1m├─ Backoff queue[0m
│
│  [33m↻[0m [31mPROBE-1[0m [33mattempt=2[0m[2m in [0m[36m19.858s[0m [2merror=agent exited: {%RuntimeError{message: "Agent run failed for issue_id=probe-1 issue_identifier=PR...[0m
╰─
[H[2J[1m╭─ SYMPHONY STATUS[0m
[1m│ Agents: [0m[32m0[0m[90m/[0m[90m1[0m
[1m│ Throughput: [0m[36m0 tps[0m
[1m│ Runtime: [0m[35m0m 0s[0m
[1m│ Tokens: [0m[33min 0[0m[90m | [0m[33mout 0[0m[90m | [0m[33mtotal 0[0m
[1m│ Rate Limits: [0m[90munavailable[0m
[1m│ Project: [0m[36mhttps://linear.app/project/probe/issues[0m
[1m│ Dashboard: [0m[36mhttp://127.0.0.1:42825/[0m
[1m│ Next refresh: [0m[36m1s[0m
[1m├─ Running[0m
│
│   [90mID       STAGE          PID      AGE / TURN   TOKENS     SESSION        EVENT                                       [0m
│   [90m────────────────────────────────────────────────────────────────────────────────────────────────────────────────────[0m
│  [90mNo active agents[0m
│
[1m├─ Backoff queue[0m
│
│  [33m↻[0m [31mPROBE-1[0m [33mattempt=2[0m[2m in [0m[36m19.834s[0m [2merror=agent exited: {%RuntimeError{message: "Agent run failed for issue_id=probe-1 issue_identifier=PR...[0m
╰─
[H[2J[1m╭─ SYMPHONY STATUS[0m
[1m│ Agents: [0m[32m0[0m[90m/[0m[90m1[0m
[1m│ Throughput: [0m[36m0 tps[0m
[1m│ Runtime: [0m[35m0m 0s[0m
[1m│ Tokens: [0m[33min 0[0m[90m | [0m[33mout 0[0m[90m | [0m[33mtotal 0[0m
[1m│ Rate Limits: [0m[90munavailable[0m
[1m│ Project: [0m[36mhttps://linear.app/project/probe/issues[0m
[1m│ Dashboard: [0m[36mhttp://127.0.0.1:42825/[0m
[1m│ Next refresh: [0m[36mchecking now…[0m
[1m├─ Running[0m
│
│   [90mID       STAGE          PID      AGE / TURN   TOKENS     SESSION        EVENT                                       [0m
│   [90m────────────────────────────────────────────────────────────────────────────────────────────────────────────────────[0m
│  [90mNo active agents[0m
│
[1m├─ Backoff queue[0m
│
│  [33m↻[0m [31mPROBE-1[0m [33mattempt=2[0m[2m in [0m[36m19.732s[0m [2merror=agent exited: {%RuntimeError{message: "Agent run failed for issue_id=probe-1 issue_identifier=PR...[0m
╰─
[H[2J[1m╭─ SYMPHONY STATUS[0m
[1m│ Agents: [0m[32m0[0m[90m/[0m[90m1[0m
[1m│ Throughput: [0m[36m0 tps[0m
[1m│ Runtime: [0m[35m0m 0s[0m
[1m│ Tokens: [0m[33min 0[0m[90m | [0m[33mout 0[0m[90m | [0m[33mtotal 0[0m
[1m│ Rate Limits: [0m[90munavailable[0m
[1m│ Project: [0m[36mhttps://linear.app/project/probe/issues[0m
[1m│ Dashboard: [0m[36mhttp://127.0.0.1:42825/[0m
[1m│ Next refresh: [0m[36m1s[0m
[1m├─ Running[0m
│
│   [90mID       STAGE          PID      AGE / TURN   TOKENS     SESSION        EVENT                                       [0m
│   [90m────────────────────────────────────────────────────────────────────────────────────────────────────────────────────[0m
│  [90mNo active agents[0m
│
[1m├─ Backoff queue[0m
│
│  [33m↻[0m [31mPROBE-1[0m [33mattempt=2[0m[2m in [0m[36m19.708s[0m [2merror=agent exited: {%RuntimeError{message: "Agent run failed for issue_id=probe-1 issue_identifier=PR...[0m
╰─
[H[2J[1m╭─ SYMPHONY STATUS[0m
[1m│ Agents: [0m[32m0[0m[90m/[0m[90m1[0m
[1m│ Throughput: [0m[36m0 tps[0m
[1m│ Runtime: [0m[35m0m 0s[0m
[1m│ Tokens: [0m[33min 0[0m[90m | [0m[33mout 0[0m[90m | [0m[33mtotal 0[0m
[1m│ Rate Limits: [0m[90munavailable[0m
[1m│ Project: [0m[36mhttps://linear.app/project/probe/issues[0m
[1m│ Dashboard: [0m[36mhttp://127.0.0.1:42825/[0m
[1m│ Next refresh: [0m[36mchecking now…[0m
[1m├─ Running[0m
│
│   [90mID       STAGE          PID      AGE / TURN   TOKENS     SESSION        EVENT                                       [0m
│   [90m────────────────────────────────────────────────────────────────────────────────────────────────────────────────────[0m
│  [90mNo active agents[0m
│
[1m├─ Backoff queue[0m
│
│  [33m↻[0m [31mPROBE-1[0m [33mattempt=2[0m[2m in [0m[36m19.606s[0m [2merror=agent exited: {%RuntimeError{message: "Agent run failed for issue_id=probe-1 issue_identifier=PR...[0m
╰─
[H[2J[1m╭─ SYMPHONY STATUS[0m
[1m│ Agents: [0m[32m0[0m[90m/[0m[90m1[0m
[1m│ Throughput: [0m[36m0 tps[0m
[1m│ Runtime: [0m[35m0m 0s[0m
[1m│ Tokens: [0m[33min 0[0m[90m | [0m[33mout 0[0m[90m | [0m[33mtotal 0[0m
[1m│ Rate Limits: [0m[90munavailable[0m
[1m│ Project: [0m[36mhttps://linear.app/project/probe/issues[0m
[1m│ Dashboard: [0m[36mhttp://127.0.0.1:42825/[0m
[1m│ Next refresh: [0m[36m1s[0m
[1m├─ Running[0m
│
│   [90mID       STAGE          PID      AGE / TURN   TOKENS     SESSION        EVENT                                       [0m
│   [90m────────────────────────────────────────────────────────────────────────────────────────────────────────────────────[0m
│  [90mNo active agents[0m
│
[1m├─ Backoff queue[0m
│
│  [33m↻[0m [31mPROBE-1[0m [33mattempt=2[0m[2m in [0m[36m19.582s[0m [2merror=agent exited: {%RuntimeError{message: "Agent run failed for issue_id=probe-1 issue_identifier=PR...[0m
╰─
[H[2J[1m╭─ SYMPHONY STATUS[0m
[1m│ Agents: [0m[32m0[0m[90m/[0m[90m1[0m
[1m│ Throughput: [0m[36m0 tps[0m
[1m│ Runtime: [0m[35m0m 0s[0m
[1m│ Tokens: [0m[33min 0[0m[90m | [0m[33mout 0[0m[90m | [0m[33mtotal 0[0m
[1m│ Rate Limits: [0m[90munavailable[0m
[1m│ Project: [0m[36mhttps://linear.app/project/probe/issues[0m
[1m│ Dashboard: [0m[36mhttp://127.0.0.1:42825/[0m
[1m│ Next refresh: [0m[36mchecking now…[0m
[1m├─ Running[0m
│
│   [90mID       STAGE          PID      AGE / TURN   TOKENS     SESSION        EVENT                                       [0m
│   [90m────────────────────────────────────────────────────────────────────────────────────────────────────────────────────[0m
│  [90mNo active agents[0m
│
[1m├─ Backoff queue[0m
│
│  [33m↻[0m [31mPROBE-1[0m [33mattempt=2[0m[2m in [0m[36m19.480s[0m [2merror=agent exited: {%RuntimeError{message: "Agent run failed for issue_id=probe-1 issue_identifier=PR...[0m
╰─
[H[2J[1m╭─ SYMPHONY STATUS[0m
[1m│ Agents: [0m[32m0[0m[90m/[0m[90m1[0m
[1m│ Throughput: [0m[36m0 tps[0m
[1m│ Runtime: [0m[35m0m 0s[0m
[1m│ Tokens: [0m[33min 0[0m[90m | [0m[33mout 0[0m[90m | [0m[33mtotal 0[0m
[1m│ Rate Limits: [0m[90munavailable[0m
[1m│ Project: [0m[36mhttps://linear.app/project/probe/issues[0m
[1m│ Dashboard: [0m[36mhttp://127.0.0.1:42825/[0m
[1m│ Next refresh: [0m[36m1s[0m
[1m├─ Running[0m
│
│   [90mID       STAGE          PID      AGE / TURN   TOKENS     SESSION        EVENT                                       [0m
│   [90m────────────────────────────────────────────────────────────────────────────────────────────────────────────────────[0m
│  [90mNo active agents[0m
│
[1m├─ Backoff queue[0m
│
│  [33m↻[0m [31mPROBE-1[0m [33mattempt=2[0m[2m in [0m[36m19.452s[0m [2merror=agent exited: {%RuntimeError{message: "Agent run failed for issue_id=probe-1 issue_identifier=PR...[0m
╰─
[H[2J[1m╭─ SYMPHONY STATUS[0m
[1m│ Agents: [0m[32m0[0m[90m/[0m[90m1[0m
[1m│ Throughput: [0m[36m0 tps[0m
[1m│ Runtime: [0m[35m0m 0s[0m
[1m│ Tokens: [0m[33min 0[0m[90m | [0m[33mout 0[0m[90m | [0m[33mtotal 0[0m
[1m│ Rate Limits: [0m[90munavailable[0m
[1m│ Project: [0m[36mhttps://linear.app/project/probe/issues[0m
[1m│ Dashboard: [0m[36mhttp://127.0.0.1:42825/[0m
[1m│ Next refresh: [0m[36mchecking now…[0m
[1m├─ Running[0m
│
│   [90mID       STAGE          PID      AGE / TURN   TOKENS     SESSION        EVENT                                       [0m
│   [90m────────────────────────────────────────────────────────────────────────────────────────────────────────────────────[0m
│  [90mNo active agents[0m
│
[1m├─ Backoff queue[0m
│
│  [33m↻[0m [31mPROBE-1[0m [33mattempt=2[0m[2m in [0m[36m19.352s[0m [2merror=agent exited: {%RuntimeError{message: "Agent run failed for issue_id=probe-1 issue_identifier=PR...[0m
╰─
[H[2J[1m╭─ SYMPHONY STATUS[0m
[1m│ Agents: [0m[32m0[0m[90m/[0m[90m1[0m
[1m│ Throughput: [0m[36m0 tps[0m
[1m│ Runtime: [0m[35m0m 0s[0m
[1m│ Tokens: [0m[33min 0[0m[90m | [0m[33mout 0[0m[90m | [0m[33mtotal 0[0m
[1m│ Rate Limits: [0m[90munavailable[0m
[1m│ Project: [0m[36mhttps://linear.app/project/probe/issues[0m
[1m│ Dashboard: [0m[36mhttp://127.0.0.1:42825/[0m
[1m│ Next refresh: [0m[36m1s[0m
[1m├─ Running[0m
│
│   [90mID       STAGE          PID      AGE / TURN   TOKENS     SESSION        EVENT                                       [0m
│   [90m────────────────────────────────────────────────────────────────────────────────────────────────────────────────────[0m
│  [90mNo active agents[0m
│
[1m├─ Backoff queue[0m
│
│  [33m↻[0m [31mPROBE-1[0m [33mattempt=2[0m[2m in [0m[36m19.327s[0m [2merror=agent exited: {%RuntimeError{message: "Agent run failed for issue_id=probe-1 issue_identifier=PR...[0m
╰─
[H[2J[1m╭─ SYMPHONY STATUS[0m
[1m│ Agents: [0m[32m0[0m[90m/[0m[90m1[0m
[1m│ Throughput: [0m[36m0 tps[0m
[1m│ Runtime: [0m[35m0m 0s[0m
[1m│ Tokens: [0m[33min 0[0m[90m | [0m[33mout 0[0m[90m | [0m[33mtotal 0[0m
[1m│ Rate Limits: [0m[90munavailable[0m
[1m│ Project: [0m[36mhttps://linear.app/project/probe/issues[0m
[1m│ Dashboard: [0m[36mhttp://127.0.0.1:42825/[0m
[1m│ Next refresh: [0m[36mchecking now…[0m
[1m├─ Running[0m
│
│   [90mID       STAGE          PID      AGE / TURN   TOKENS     SESSION        EVENT                                       [0m
│   [90m────────────────────────────────────────────────────────────────────────────────────────────────────────────────────[0m
│  [90mNo active agents[0m
│
[1m├─ Backoff queue[0m
│
│  [33m↻[0m [31mPROBE-1[0m [33mattempt=2[0m[2m in [0m[36m19.225s[0m [2merror=agent exited: {%RuntimeError{message: "Agent run failed for issue_id=probe-1 issue_identifier=PR...[0m
╰─
[H[2J[1m╭─ SYMPHONY STATUS[0m
[1m│ Agents: [0m[32m0[0m[90m/[0m[90m1[0m
[1m│ Throughput: [0m[36m0 tps[0m
[1m│ Runtime: [0m[35m0m 0s[0m
[1m│ Tokens: [0m[33min 0[0m[90m | [0m[33mout 0[0m[90m | [0m[33mtotal 0[0m
[1m│ Rate Limits: [0m[90munavailable[0m
[1m│ Project: [0m[36mhttps://linear.app/project/probe/issues[0m
[1m│ Dashboard: [0m[36mhttp://127.0.0.1:42825/[0m
[1m│ Next refresh: [0m[36m1s[0m
[1m├─ Running[0m
│
│   [90mID       STAGE          PID      AGE / TURN   TOKENS     SESSION        EVENT                                       [0m
│   [90m────────────────────────────────────────────────────────────────────────────────────────────────────────────────────[0m
│  [90mNo active agents[0m
│
[1m├─ Backoff queue[0m
│
│  [33m↻[0m [31mPROBE-1[0m [33mattempt=2[0m[2m in [0m[36m19.200s[0m [2merror=agent exited: {%RuntimeError{message: "Agent run failed for issue_id=probe-1 issue_identifier=PR...[0m
╰─
[H[2J[1m╭─ SYMPHONY STATUS[0m
[1m│ Agents: [0m[32m0[0m[90m/[0m[90m1[0m
[1m│ Throughput: [0m[36m0 tps[0m
[1m│ Runtime: [0m[35m0m 0s[0m
[1m│ Tokens: [0m[33min 0[0m[90m | [0m[33mout 0[0m[90m | [0m[33mtotal 0[0m
[1m│ Rate Limits: [0m[90munavailable[0m
[1m│ Project: [0m[36mhttps://linear.app/project/probe/issues[0m
[1m│ Dashboard: [0m[36mhttp://127.0.0.1:42825/[0m
[1m│ Next refresh: [0m[36mchecking now…[0m
[1m├─ Running[0m
│
│   [90mID       STAGE          PID      AGE / TURN   TOKENS     SESSION        EVENT                                       [0m
│   [90m────────────────────────────────────────────────────────────────────────────────────────────────────────────────────[0m
│  [90mNo active agents[0m
│
[1m├─ Backoff queue[0m
│
│  [33m↻[0m [31mPROBE-1[0m [33mattempt=2[0m[2m in [0m[36m19.098s[0m [2merror=agent exited: {%RuntimeError{message: "Agent run failed for issue_id=probe-1 issue_identifier=PR...[0m
╰─
[H[2J[1m╭─ SYMPHONY STATUS[0m
[1m│ Agents: [0m[32m0[0m[90m/[0m[90m1[0m
[1m│ Throughput: [0m[36m0 tps[0m
[1m│ Runtime: [0m[35m0m 0s[0m
[1m│ Tokens: [0m[33min 0[0m[90m | [0m[33mout 0[0m[90m | [0m[33mtotal 0[0m
[1m│ Rate Limits: [0m[90munavailable[0m
[1m│ Project: [0m[36mhttps://linear.app/project/probe/issues[0m
[1m│ Dashboard: [0m[36mhttp://127.0.0.1:42825/[0m
[1m│ Next refresh: [0m[36mchecking now…[0m
[1m├─ Running[0m
│
│   [90mID       STAGE          PID      AGE / TURN   TOKENS     SESSION        EVENT                                       [0m
│   [90m────────────────────────────────────────────────────────────────────────────────────────────────────────────────────[0m
│  [90mNo active agents[0m
│
[1m├─ Backoff queue[0m
│
│  [33m↻[0m [31mPROBE-1[0m [33mattempt=2[0m[2m in [0m[36m19.080s[0m [2merror=agent exited: {%RuntimeError{message: "Agent run failed for issue_id=probe-1 issue_identifier=PR...[0m
╰─
[H[2J[1m╭─ SYMPHONY STATUS[0m
[1m│ Agents: [0m[32m0[0m[90m/[0m[90m1[0m
[1m│ Throughput: [0m[36m0 tps[0m
[1m│ Runtime: [0m[35m0m 0s[0m
[1m│ Tokens: [0m[33min 0[0m[90m | [0m[33mout 0[0m[90m | [0m[33mtotal 0[0m
[1m│ Rate Limits: [0m[90munavailable[0m
[1m│ Project: [0m[36mhttps://linear.app/project/probe/issues[0m
[1m│ Dashboard: [0m[36mhttp://127.0.0.1:42825/[0m
[1m│ Next refresh: [0m[36m1s[0m
[1m├─ Running[0m
│
│   [90mID       STAGE          PID      AGE / TURN   TOKENS     SESSION        EVENT                                       [0m
│   [90m────────────────────────────────────────────────────────────────────────────────────────────────────────────────────[0m
│  [90mNo active agents[0m
│
[1m├─ Backoff queue[0m
│
│  [33m↻[0m [31mPROBE-1[0m [33mattempt=2[0m[2m in [0m[36m19.071s[0m [2merror=agent exited: {%RuntimeError{message: "Agent run failed for issue_id=probe-1 issue_identifier=PR...[0m
╰─
[H[2J[1m╭─ SYMPHONY STATUS[0m
[1m│ Agents: [0m[32m0[0m[90m/[0m[90m1[0m
[1m│ Throughput: [0m[36m0 tps[0m
[1m│ Runtime: [0m[35m0m 0s[0m
[1m│ Tokens: [0m[33min 0[0m[90m | [0m[33mout 0[0m[90m | [0m[33mtotal 0[0m
[1m│ Rate Limits: [0m[90munavailable[0m
[1m│ Project: [0m[36mhttps://linear.app/project/probe/issues[0m
[1m│ Dashboard: [0m[36mhttp://127.0.0.1:42825/[0m
[1m│ Next refresh: [0m[36mchecking now…[0m
[1m├─ Running[0m
│
│   [90mID       STAGE          PID      AGE / TURN   TOKENS     SESSION        EVENT                                       [0m
│   [90m────────────────────────────────────────────────────────────────────────────────────────────────────────────────────[0m
│  [90mNo active agents[0m
│
[1m├─ Backoff queue[0m
│
│  [33m↻[0m [31mPROBE-1[0m [33mattempt=2[0m[2m in [0m[36m18.970s[0m [2merror=agent exited: {%RuntimeError{message: "Agent run failed for issue_id=probe-1 issue_identifier=PR...[0m
╰─
[H[2J[1m╭─ SYMPHONY STATUS[0m
[1m│ Agents: [0m[32m0[0m[90m/[0m[90m1[0m
[1m│ Throughput: [0m[36m0 tps[0m
[1m│ Runtime: [0m[35m0m 0s[0m
[1m│ Tokens: [0m[33min 0[0m[90m | [0m[33mout 0[0m[90m | [0m[33mtotal 0[0m
[1m│ Rate Limits: [0m[90munavailable[0m
[1m│ Project: [0m[36mhttps://linear.app/project/probe/issues[0m
[1m│ Dashboard: [0m[36mhttp://127.0.0.1:42825/[0m
[1m│ Next refresh: [0m[36m1s[0m
[1m├─ Running[0m
│
│   [90mID       STAGE          PID      AGE / TURN   TOKENS     SESSION        EVENT                                       [0m
│   [90m────────────────────────────────────────────────────────────────────────────────────────────────────────────────────[0m
│  [90mNo active agents[0m
│
[1m├─ Backoff queue[0m
│
│  [33m↻[0m [31mPROBE-1[0m [33mattempt=2[0m[2m in [0m[36m18.943s[0m [2merror=agent exited: {%RuntimeError{message: "Agent run failed for issue_id=probe-1 issue_identifier=PR...[0m
╰─
[H[2J[1m╭─ SYMPHONY STATUS[0m
[1m│ Agents: [0m[32m0[0m[90m/[0m[90m1[0m
[1m│ Throughput: [0m[36m0 tps[0m
[1m│ Runtime: [0m[35m0m 0s[0m
[1m│ Tokens: [0m[33min 0[0m[90m | [0m[33mout 0[0m[90m | [0m[33mtotal 0[0m
[1m│ Rate Limits: [0m[90munavailable[0m
[1m│ Project: [0m[36mhttps://linear.app/project/probe/issues[0m
[1m│ Dashboard: [0m[36mhttp://127.0.0.1:42825/[0m
[1m│ Next refresh: [0m[36mchecking now…[0m
[1m├─ Running[0m
│
│   [90mID       STAGE          PID      AGE / TURN   TOKENS     SESSION        EVENT                                       [0m
│   [90m────────────────────────────────────────────────────────────────────────────────────────────────────────────────────[0m
│  [90mNo active agents[0m
│
[1m├─ Backoff queue[0m
│
│  [33m↻[0m [31mPROBE-1[0m [33mattempt=2[0m[2m in [0m[36m18.842s[0m [2merror=agent exited: {%RuntimeError{message: "Agent run failed for issue_id=probe-1 issue_identifier=PR...[0m
╰─
[H[2J[1m╭─ SYMPHONY STATUS[0m
[1m│ Agents: [0m[32m0[0m[90m/[0m[90m1[0m
[1m│ Throughput: [0m[36m0 tps[0m
[1m│ Runtime: [0m[35m0m 0s[0m
[1m│ Tokens: [0m[33min 0[0m[90m | [0m[33mout 0[0m[90m | [0m[33mtotal 0[0m
[1m│ Rate Limits: [0m[90munavailable[0m
[1m│ Project: [0m[36mhttps://linear.app/project/probe/issues[0m
[1m│ Dashboard: [0m[36mhttp://127.0.0.1:42825/[0m
[1m│ Next refresh: [0m[36m1s[0m
[1m├─ Running[0m
│
│   [90mID       STAGE          PID      AGE / TURN   TOKENS     SESSION        EVENT                                       [0m
│   [90m────────────────────────────────────────────────────────────────────────────────────────────────────────────────────[0m
│  [90mNo active agents[0m
│
[1m├─ Backoff queue[0m
│
│  [33m↻[0m [31mPROBE-1[0m [33mattempt=2[0m[2m in [0m[36m18.815s[0m [2merror=agent exited: {%RuntimeError{message: "Agent run failed for issue_id=probe-1 issue_identifier=PR...[0m
╰─
[H[2J[1m╭─ SYMPHONY STATUS[0m
[1m│ Agents: [0m[32m0[0m[90m/[0m[90m1[0m
[1m│ Throughput: [0m[36m0 tps[0m
[1m│ Runtime: [0m[35m0m 0s[0m
[1m│ Tokens: [0m[33min 0[0m[90m | [0m[33mout 0[0m[90m | [0m[33mtotal 0[0m
[1m│ Rate Limits: [0m[90munavailable[0m
[1m│ Project: [0m[36mhttps://linear.app/project/probe/issues[0m
[1m│ Dashboard: [0m[36mhttp://127.0.0.1:42825/[0m
[1m│ Next refresh: [0m[36mchecking now…[0m
[1m├─ Running[0m
│
│   [90mID       STAGE          PID      AGE / TURN   TOKENS     SESSION        EVENT                                       [0m
│   [90m────────────────────────────────────────────────────────────────────────────────────────────────────────────────────[0m
│  [90mNo active agents[0m
│
[1m├─ Backoff queue[0m
│
│  [33m↻[0m [31mPROBE-1[0m [33mattempt=2[0m[2m in [0m[36m18.713s[0m [2merror=agent exited: {%RuntimeError{message: "Agent run failed for issue_id=probe-1 issue_identifier=PR...[0m
╰─
[H[2J[1m╭─ SYMPHONY STATUS[0m
[1m│ Agents: [0m[32m0[0m[90m/[0m[90m1[0m
[1m│ Throughput: [0m[36m0 tps[0m
[1m│ Runtime: [0m[35m0m 0s[0m
[1m│ Tokens: [0m[33min 0[0m[90m | [0m[33mout 0[0m[90m | [0m[33mtotal 0[0m
[1m│ Rate Limits: [0m[90munavailable[0m
[1m│ Project: [0m[36mhttps://linear.app/project/probe/issues[0m
[1m│ Dashboard: [0m[36mhttp://127.0.0.1:42825/[0m
[1m│ Next refresh: [0m[36m1s[0m
[1m├─ Running[0m
│
│   [90mID       STAGE          PID      AGE / TURN   TOKENS     SESSION        EVENT                                       [0m
│   [90m────────────────────────────────────────────────────────────────────────────────────────────────────────────────────[0m
│  [90mNo active agents[0m
│
[1m├─ Backoff queue[0m
│
│  [33m↻[0m [31mPROBE-1[0m [33mattempt=2[0m[2m in [0m[36m18.687s[0m [2merror=agent exited: {%RuntimeError{message: "Agent run failed for issue_id=probe-1 issue_identifier=PR...[0m
╰─
[H[2J[1m╭─ SYMPHONY STATUS[0m
[1m│ Agents: [0m[32m0[0m[90m/[0m[90m1[0m
[1m│ Throughput: [0m[36m0 tps[0m
[1m│ Runtime: [0m[35m0m 0s[0m
[1m│ Tokens: [0m[33min 0[0m[90m | [0m[33mout 0[0m[90m | [0m[33mtotal 0[0m
[1m│ Rate Limits: [0m[90munavailable[0m
[1m│ Project: [0m[36mhttps://linear.app/project/probe/issues[0m
[1m│ Dashboard: [0m[36mhttp://127.0.0.1:42825/[0m
[1m│ Next refresh: [0m[36mchecking now…[0m
[1m├─ Running[0m
│
│   [90mID       STAGE          PID      AGE / TURN   TOKENS     SESSION        EVENT                                       [0m
│   [90m────────────────────────────────────────────────────────────────────────────────────────────────────────────────────[0m
│  [90mNo active agents[0m
│
[1m├─ Backoff queue[0m
│
│  [33m↻[0m [31mPROBE-1[0m [33mattempt=2[0m[2m in [0m[36m18.586s[0m [2merror=agent exited: {%RuntimeError{message: "Agent run failed for issue_id=probe-1 issue_identifier=PR...[0m
╰─
[H[2J[1m╭─ SYMPHONY STATUS[0m
[1m│ Agents: [0m[32m0[0m[90m/[0m[90m1[0m
[1m│ Throughput: [0m[36m0 tps[0m
[1m│ Runtime: [0m[35m0m 0s[0m
[1m│ Tokens: [0m[33min 0[0m[90m | [0m[33mout 0[0m[90m | [0m[33mtotal 0[0m
[1m│ Rate Limits: [0m[90munavailable[0m
[1m│ Project: [0m[36mhttps://linear.app/project/probe/issues[0m
[1m│ Dashboard: [0m[36mhttp://127.0.0.1:42825/[0m
[1m│ Next refresh: [0m[36m1s[0m
[1m├─ Running[0m
│
│   [90mID       STAGE          PID      AGE / TURN   TOKENS     SESSION        EVENT                                       [0m
│   [90m────────────────────────────────────────────────────────────────────────────────────────────────────────────────────[0m
│  [90mNo active agents[0m
│
[1m├─ Backoff queue[0m
│
│  [33m↻[0m [31mPROBE-1[0m [33mattempt=2[0m[2m in [0m[36m18.558s[0m [2merror=agent exited: {%RuntimeError{message: "Agent run failed for issue_id=probe-1 issue_identifier=PR...[0m
╰─
[H[2J[1m╭─ SYMPHONY STATUS[0m
[1m│ Agents: [0m[32m0[0m[90m/[0m[90m1[0m
[1m│ Throughput: [0m[36m0 tps[0m
[1m│ Runtime: [0m[35m0m 0s[0m
[1m│ Tokens: [0m[33min 0[0m[90m | [0m[33mout 0[0m[90m | [0m[33mtotal 0[0m
[1m│ Rate Limits: [0m[90munavailable[0m
[1m│ Project: [0m[36mhttps://linear.app/project/probe/issues[0m
[1m│ Dashboard: [0m[36mhttp://127.0.0.1:42825/[0m
[1m│ Next refresh: [0m[36mchecking now…[0m
[1m├─ Running[0m
│
│   [90mID       STAGE          PID      AGE / TURN   TOKENS     SESSION        EVENT                                       [0m
│   [90m────────────────────────────────────────────────────────────────────────────────────────────────────────────────────[0m
│  [90mNo active agents[0m
│
[1m├─ Backoff queue[0m
│
│  [33m↻[0m [31mPROBE-1[0m [33mattempt=2[0m[2m in [0m[36m18.457s[0m [2merror=agent exited: {%RuntimeError{message: "Agent run failed for issue_id=probe-1 issue_identifier=PR...[0m
╰─
[H[2J[1m╭─ SYMPHONY STATUS[0m
[1m│ Agents: [0m[32m0[0m[90m/[0m[90m1[0m
[1m│ Throughput: [0m[36m0 tps[0m
[1m│ Runtime: [0m[35m0m 0s[0m
[1m│ Tokens: [0m[33min 0[0m[90m | [0m[33mout 0[0m[90m | [0m[33mtotal 0[0m
[1m│ Rate Limits: [0m[90munavailable[0m
[1m│ Project: [0m[36mhttps://linear.app/project/probe/issues[0m
[1m│ Dashboard: [0m[36mhttp://127.0.0.1:42825/[0m
[1m│ Next refresh: [0m[36m1s[0m
[1m├─ Running[0m
│
│   [90mID       STAGE          PID      AGE / TURN   TOKENS     SESSION        EVENT                                       [0m
│   [90m────────────────────────────────────────────────────────────────────────────────────────────────────────────────────[0m
│  [90mNo active agents[0m
│
[1m├─ Backoff queue[0m
│
│  [33m↻[0m [31mPROBE-1[0m [33mattempt=2[0m[2m in [0m[36m18.430s[0m [2merror=agent exited: {%RuntimeError{message: "Agent run failed for issue_id=probe-1 issue_identifier=PR...[0m
╰─
[H[2J[1m╭─ SYMPHONY STATUS[0m
[1m│ Agents: [0m[32m0[0m[90m/[0m[90m1[0m
[1m│ Throughput: [0m[36m0 tps[0m
[1m│ Runtime: [0m[35m0m 0s[0m
[1m│ Tokens: [0m[33min 0[0m[90m | [0m[33mout 0[0m[90m | [0m[33mtotal 0[0m
[1m│ Rate Limits: [0m[90munavailable[0m
[1m│ Project: [0m[36mhttps://linear.app/project/probe/issues[0m
[1m│ Dashboard: [0m[36mhttp://127.0.0.1:42825/[0m
[1m│ Next refresh: [0m[36mchecking now…[0m
[1m├─ Running[0m
│
│   [90mID       STAGE          PID      AGE / TURN   TOKENS     SESSION        EVENT                                       [0m
│   [90m────────────────────────────────────────────────────────────────────────────────────────────────────────────────────[0m
│  [90mNo active agents[0m
│
[1m├─ Backoff queue[0m
│
│  [33m↻[0m [31mPROBE-1[0m [33mattempt=2[0m[2m in [0m[36m18.329s[0m [2merror=agent exited: {%RuntimeError{message: "Agent run failed for issue_id=probe-1 issue_identifier=PR...[0m
╰─
[H[2J[1m╭─ SYMPHONY STATUS[0m
[1m│ Agents: [0m[32m0[0m[90m/[0m[90m1[0m
[1m│ Throughput: [0m[36m0 tps[0m
[1m│ Runtime: [0m[35m0m 0s[0m
[1m│ Tokens: [0m[33min 0[0m[90m | [0m[33mout 0[0m[90m | [0m[33mtotal 0[0m
[1m│ Rate Limits: [0m[90munavailable[0m
[1m│ Project: [0m[36mhttps://linear.app/project/probe/issues[0m
[1m│ Dashboard: [0m[36mhttp://127.0.0.1:42825/[0m
[1m│ Next refresh: [0m[36m1s[0m
[1m├─ Running[0m
│
│   [90mID       STAGE          PID      AGE / TURN   TOKENS     SESSION        EVENT                                       [0m
│   [90m────────────────────────────────────────────────────────────────────────────────────────────────────────────────────[0m
│  [90mNo active agents[0m
│
[1m├─ Backoff queue[0m
│
│  [33m↻[0m [31mPROBE-1[0m [33mattempt=2[0m[2m in [0m[36m18.293s[0m [2merror=agent exited: {%RuntimeError{message: "Agent run failed for issue_id=probe-1 issue_identifier=PR...[0m
╰─
[H[2J[1m╭─ SYMPHONY STATUS[0m
[1m│ Agents: [0m[32m0[0m[90m/[0m[90m1[0m
[1m│ Throughput: [0m[36m0 tps[0m
[1m│ Runtime: [0m[35m0m 0s[0m
[1m│ Tokens: [0m[33min 0[0m[90m | [0m[33mout 0[0m[90m | [0m[33mtotal 0[0m
[1m│ Rate Limits: [0m[90munavailable[0m
[1m│ Project: [0m[36mhttps://linear.app/project/probe/issues[0m
[1m│ Dashboard: [0m[36mhttp://127.0.0.1:42825/[0m
[1m│ Next refresh: [0m[36mchecking now…[0m
[1m├─ Running[0m
│
│   [90mID       STAGE          PID      AGE / TURN   TOKENS     SESSION        EVENT                                       [0m
│   [90m────────────────────────────────────────────────────────────────────────────────────────────────────────────────────[0m
│  [90mNo active agents[0m
│
[1m├─ Backoff queue[0m
│
│  [33m↻[0m [31mPROBE-1[0m [33mattempt=2[0m[2m in [0m[36m18.193s[0m [2merror=agent exited: {%RuntimeError{message: "Agent run failed for issue_id=probe-1 issue_identifier=PR...[0m
╰─
[H[2J[1m╭─ SYMPHONY STATUS[0m
[1m│ Agents: [0m[32m0[0m[90m/[0m[90m1[0m
[1m│ Throughput: [0m[36m0 tps[0m
[1m│ Runtime: [0m[35m0m 0s[0m
[1m│ Tokens: [0m[33min 0[0m[90m | [0m[33mout 0[0m[90m | [0m[33mtotal 0[0m
[1m│ Rate Limits: [0m[90munavailable[0m
[1m│ Project: [0m[36mhttps://linear.app/project/probe/issues[0m
[1m│ Dashboard: [0m[36mhttp://127.0.0.1:42825/[0m
[1m│ Next refresh: [0m[36m1s[0m
[1m├─ Running[0m
│
│   [90mID       STAGE          PID      AGE / TURN   TOKENS     SESSION        EVENT                                       [0m
│   [90m────────────────────────────────────────────────────────────────────────────────────────────────────────────────────[0m
│  [90mNo active agents[0m
│
[1m├─ Backoff queue[0m
│
│  [33m↻[0m [31mPROBE-1[0m [33mattempt=2[0m[2m in [0m[36m18.168s[0m [2merror=agent exited: {%RuntimeError{message: "Agent run failed for issue_id=probe-1 issue_identifier=PR...[0m
╰─
[H[2J[1m╭─ SYMPHONY STATUS[0m
[1m│ Agents: [0m[32m0[0m[90m/[0m[90m1[0m
[1m│ Throughput: [0m[36m0 tps[0m
[1m│ Runtime: [0m[35m0m 0s[0m
[1m│ Tokens: [0m[33min 0[0m[90m | [0m[33mout 0[0m[90m | [0m[33mtotal 0[0m
[1m│ Rate Limits: [0m[90munavailable[0m
[1m│ Project: [0m[36mhttps://linear.app/project/probe/issues[0m
[1m│ Dashboard: [0m[36mhttp://127.0.0.1:42825/[0m
[1m│ Next refresh: [0m[36m1s[0m
[1m├─ Running[0m
│
│   [90mID       STAGE          PID      AGE / TURN   TOKENS     SESSION        EVENT                                       [0m
│   [90m────────────────────────────────────────────────────────────────────────────────────────────────────────────────────[0m
│  [90mNo active agents[0m
│
[1m├─ Backoff queue[0m
│
│  [33m↻[0m [31mPROBE-1[0m [33mattempt=2[0m[2m in [0m[36m18.078s[0m [2merror=agent exited: {%RuntimeError{message: "Agent run failed for issue_id=probe-1 issue_identifier=PR...[0m
╰─
[H[2J[1m╭─ SYMPHONY STATUS[0m
[1m│ Agents: [0m[32m0[0m[90m/[0m[90m1[0m
[1m│ Throughput: [0m[36m0 tps[0m
[1m│ Runtime: [0m[35m0m 0s[0m
[1m│ Tokens: [0m[33min 0[0m[90m | [0m[33mout 0[0m[90m | [0m[33mtotal 0[0m
[1m│ Rate Limits: [0m[90munavailable[0m
[1m│ Project: [0m[36mhttps://linear.app/project/probe/issues[0m
[1m│ Dashboard: [0m[36mhttp://127.0.0.1:42825/[0m
[1m│ Next refresh: [0m[36mchecking now…[0m
[1m├─ Running[0m
│
│   [90mID       STAGE          PID      AGE / TURN   TOKENS     SESSION        EVENT                                       [0m
│   [90m────────────────────────────────────────────────────────────────────────────────────────────────────────────────────[0m
│  [90mNo active agents[0m
│
[1m├─ Backoff queue[0m
│
│  [33m↻[0m [31mPROBE-1[0m [33mattempt=2[0m[2m in [0m[36m18.066s[0m [2merror=agent exited: {%RuntimeError{message: "Agent run failed for issue_id=probe-1 issue_identifier=PR...[0m
╰─
[H[2J[1m╭─ SYMPHONY STATUS[0m
[1m│ Agents: [0m[32m0[0m[90m/[0m[90m1[0m
[1m│ Throughput: [0m[36m0 tps[0m
[1m│ Runtime: [0m[35m0m 0s[0m
[1m│ Tokens: [0m[33min 0[0m[90m | [0m[33mout 0[0m[90m | [0m[33mtotal 0[0m
[1m│ Rate Limits: [0m[90munavailable[0m
[1m│ Project: [0m[36mhttps://linear.app/project/probe/issues[0m
[1m│ Dashboard: [0m[36mhttp://127.0.0.1:42825/[0m
[1m│ Next refresh: [0m[36m1s[0m
[1m├─ Running[0m
│
│   [90mID       STAGE          PID      AGE / TURN   TOKENS     SESSION        EVENT                                       [0m
│   [90m────────────────────────────────────────────────────────────────────────────────────────────────────────────────────[0m
│  [90mNo active agents[0m
│
[1m├─ Backoff queue[0m
│
│  [33m↻[0m [31mPROBE-1[0m [33mattempt=2[0m[2m in [0m[36m18.040s[0m [2merror=agent exited: {%RuntimeError{message: "Agent run failed for issue_id=probe-1 issue_identifier=PR...[0m
╰─
[H[2J[1m╭─ SYMPHONY STATUS[0m
[1m│ Agents: [0m[32m0[0m[90m/[0m[90m1[0m
[1m│ Throughput: [0m[36m0 tps[0m
[1m│ Runtime: [0m[35m0m 0s[0m
[1m│ Tokens: [0m[33min 0[0m[90m | [0m[33mout 0[0m[90m | [0m[33mtotal 0[0m
[1m│ Rate Limits: [0m[90munavailable[0m
[1m│ Project: [0m[36mhttps://linear.app/project/probe/issues[0m
[1m│ Dashboard: [0m[36mhttp://127.0.0.1:42825/[0m
[1m│ Next refresh: [0m[36mchecking now…[0m
[1m├─ Running[0m
│
│   [90mID       STAGE          PID      AGE / TURN   TOKENS     SESSION        EVENT                                       [0m
│   [90m────────────────────────────────────────────────────────────────────────────────────────────────────────────────────[0m
│  [90mNo active agents[0m
│
[1m├─ Backoff queue[0m
│
│  [33m↻[0m [31mPROBE-1[0m [33mattempt=2[0m[2m in [0m[36m17.939s[0m [2merror=agent exited: {%RuntimeError{message: "Agent run failed for issue_id=probe-1 issue_identifier=PR...[0m
╰─
[H[2J[1m╭─ SYMPHONY STATUS[0m
[1m│ Agents: [0m[32m0[0m[90m/[0m[90m1[0m
[1m│ Throughput: [0m[36m0 tps[0m
[1m│ Runtime: [0m[35m0m 0s[0m
[1m│ Tokens: [0m[33min 0[0m[90m | [0m[33mout 0[0m[90m | [0m[33mtotal 0[0m
[1m│ Rate Limits: [0m[90munavailable[0m
[1m│ Project: [0m[36mhttps://linear.app/project/probe/issues[0m
[1m│ Dashboard: [0m[36mhttp://127.0.0.1:42825/[0m
[1m│ Next refresh: [0m[36m1s[0m
[1m├─ Running[0m
│
│   [90mID       STAGE          PID      AGE / TURN   TOKENS     SESSION        EVENT                                       [0m
│   [90m────────────────────────────────────────────────────────────────────────────────────────────────────────────────────[0m
│  [90mNo active agents[0m
│
[1m├─ Backoff queue[0m
│
│  [33m↻[0m [31mPROBE-1[0m [33mattempt=2[0m[2m in [0m[36m17.913s[0m [2merror=agent exited: {%RuntimeError{message: "Agent run failed for issue_id=probe-1 issue_identifier=PR...[0m
╰─
[H[2J[1m╭─ SYMPHONY STATUS[0m
[1m│ Agents: [0m[32m0[0m[90m/[0m[90m1[0m
[1m│ Throughput: [0m[36m0 tps[0m
[1m│ Runtime: [0m[35m0m 0s[0m
[1m│ Tokens: [0m[33min 0[0m[90m | [0m[33mout 0[0m[90m | [0m[33mtotal 0[0m
[1m│ Rate Limits: [0m[90munavailable[0m
[1m│ Project: [0m[36mhttps://linear.app/project/probe/issues[0m
[1m│ Dashboard: [0m[36mhttp://127.0.0.1:42825/[0m
[1m│ Next refresh: [0m[36mchecking now…[0m
[1m├─ Running[0m
│
│   [90mID       STAGE          PID      AGE / TURN   TOKENS     SESSION        EVENT                                       [0m
│   [90m────────────────────────────────────────────────────────────────────────────────────────────────────────────────────[0m
│  [90mNo active agents[0m
│
[1m├─ Backoff queue[0m
│
│  [33m↻[0m [31mPROBE-1[0m [33mattempt=2[0m[2m in [0m[36m17.813s[0m [2merror=agent exited: {%RuntimeError{message: "Agent run failed for issue_id=probe-1 issue_identifier=PR...[0m
╰─
[H[2J[1m╭─ SYMPHONY STATUS[0m
[1m│ Agents: [0m[32m0[0m[90m/[0m[90m1[0m
[1m│ Throughput: [0m[36m0 tps[0m
[1m│ Runtime: [0m[35m0m 0s[0m
[1m│ Tokens: [0m[33min 0[0m[90m | [0m[33mout 0[0m[90m | [0m[33mtotal 0[0m
[1m│ Rate Limits: [0m[90munavailable[0m
[1m│ Project: [0m[36mhttps://linear.app/project/probe/issues[0m
[1m│ Dashboard: [0m[36mhttp://127.0.0.1:42825/[0m
[1m│ Next refresh: [0m[36m1s[0m
[1m├─ Running[0m
│
│   [90mID       STAGE          PID      AGE / TURN   TOKENS     SESSION        EVENT                                       [0m
│   [90m────────────────────────────────────────────────────────────────────────────────────────────────────────────────────[0m
│  [90mNo active agents[0m
│
[1m├─ Backoff queue[0m
│
│  [33m↻[0m [31mPROBE-1[0m [33mattempt=2[0m[2m in [0m[36m17.788s[0m [2merror=agent exited: {%RuntimeError{message: "Agent run failed for issue_id=probe-1 issue_identifier=PR...[0m
╰─
[H[2J[1m╭─ SYMPHONY STATUS[0m
[1m│ Agents: [0m[32m0[0m[90m/[0m[90m1[0m
[1m│ Throughput: [0m[36m0 tps[0m
[1m│ Runtime: [0m[35m0m 0s[0m
[1m│ Tokens: [0m[33min 0[0m[90m | [0m[33mout 0[0m[90m | [0m[33mtotal 0[0m
[1m│ Rate Limits: [0m[90munavailable[0m
[1m│ Project: [0m[36mhttps://linear.app/project/probe/issues[0m
[1m│ Dashboard: [0m[36mhttp://127.0.0.1:42825/[0m
[1m│ Next refresh: [0m[36mchecking now…[0m
[1m├─ Running[0m
│
│   [90mID       STAGE          PID      AGE / TURN   TOKENS     SESSION        EVENT                                       [0m
│   [90m────────────────────────────────────────────────────────────────────────────────────────────────────────────────────[0m
│  [90mNo active agents[0m
│
[1m├─ Backoff queue[0m
│
│  [33m↻[0m [31mPROBE-1[0m [33mattempt=2[0m[2m in [0m[36m17.686s[0m [2merror=agent exited: {%RuntimeError{message: "Agent run failed for issue_id=probe-1 issue_identifier=PR...[0m
╰─
[H[2J[1m╭─ SYMPHONY STATUS[0m
[1m│ Agents: [0m[32m0[0m[90m/[0m[90m1[0m
[1m│ Throughput: [0m[36m0 tps[0m
[1m│ Runtime: [0m[35m0m 0s[0m
[1m│ Tokens: [0m[33min 0[0m[90m | [0m[33mout 0[0m[90m | [0m[33mtotal 0[0m
[1m│ Rate Limits: [0m[90munavailable[0m
[1m│ Project: [0m[36mhttps://linear.app/project/probe/issues[0m
[1m│ Dashboard: [0m[36mhttp://127.0.0.1:42825/[0m
[1m│ Next refresh: [0m[36m1s[0m
[1m├─ Running[0m
│
│   [90mID       STAGE          PID      AGE / TURN   TOKENS     SESSION        EVENT                                       [0m
│   [90m────────────────────────────────────────────────────────────────────────────────────────────────────────────────────[0m
│  [90mNo active agents[0m
│
[1m├─ Backoff queue[0m
│
│  [33m↻[0m [31mPROBE-1[0m [33mattempt=2[0m[2m in [0m[36m17.662s[0m [2merror=agent exited: {%RuntimeError{message: "Agent run failed for issue_id=probe-1 issue_identifier=PR...[0m
╰─
[H[2J[1m╭─ SYMPHONY STATUS[0m
[1m│ Agents: [0m[32m0[0m[90m/[0m[90m1[0m
[1m│ Throughput: [0m[36m0 tps[0m
[1m│ Runtime: [0m[35m0m 0s[0m
[1m│ Tokens: [0m[33min 0[0m[90m | [0m[33mout 0[0m[90m | [0m[33mtotal 0[0m
[1m│ Rate Limits: [0m[90munavailable[0m
[1m│ Project: [0m[36mhttps://linear.app/project/probe/issues[0m
[1m│ Dashboard: [0m[36mhttp://127.0.0.1:42825/[0m
[1m│ Next refresh: [0m[36mchecking now…[0m
[1m├─ Running[0m
│
│   [90mID       STAGE          PID      AGE / TURN   TOKENS     SESSION        EVENT                                       [0m
│   [90m────────────────────────────────────────────────────────────────────────────────────────────────────────────────────[0m
│  [90mNo active agents[0m
│
[1m├─ Backoff queue[0m
│
│  [33m↻[0m [31mPROBE-1[0m [33mattempt=2[0m[2m in [0m[36m17.561s[0m [2merror=agent exited: {%RuntimeError{message: "Agent run failed for issue_id=probe-1 issue_identifier=PR...[0m
╰─
[H[2J[1m╭─ SYMPHONY STATUS[0m
[1m│ Agents: [0m[32m0[0m[90m/[0m[90m1[0m
[1m│ Throughput: [0m[36m0 tps[0m
[1m│ Runtime: [0m[35m0m 0s[0m
[1m│ Tokens: [0m[33min 0[0m[90m | [0m[33mout 0[0m[90m | [0m[33mtotal 0[0m
[1m│ Rate Limits: [0m[90munavailable[0m
[1m│ Project: [0m[36mhttps://linear.app/project/probe/issues[0m
[1m│ Dashboard: [0m[36mhttp://127.0.0.1:42825/[0m
[1m│ Next refresh: [0m[36m1s[0m
[1m├─ Running[0m
│
│   [90mID       STAGE          PID      AGE / TURN   TOKENS     SESSION        EVENT                                       [0m
│   [90m────────────────────────────────────────────────────────────────────────────────────────────────────────────────────[0m
│  [90mNo active agents[0m
│
[1m├─ Backoff queue[0m
│
│  [33m↻[0m [31mPROBE-1[0m [33mattempt=2[0m[2m in [0m[36m17.536s[0m [2merror=agent exited: {%RuntimeError{message: "Agent run failed for issue_id=probe-1 issue_identifier=PR...[0m
╰─
[H[2J[1m╭─ SYMPHONY STATUS[0m
[1m│ Agents: [0m[32m0[0m[90m/[0m[90m1[0m
[1m│ Throughput: [0m[36m0 tps[0m
[1m│ Runtime: [0m[35m0m 0s[0m
[1m│ Tokens: [0m[33min 0[0m[90m | [0m[33mout 0[0m[90m | [0m[33mtotal 0[0m
[1m│ Rate Limits: [0m[90munavailable[0m
[1m│ Project: [0m[36mhttps://linear.app/project/probe/issues[0m
[1m│ Dashboard: [0m[36mhttp://127.0.0.1:42825/[0m
[1m│ Next refresh: [0m[36mchecking now…[0m
[1m├─ Running[0m
│
│   [90mID       STAGE          PID      AGE / TURN   TOKENS     SESSION        EVENT                                       [0m
│   [90m────────────────────────────────────────────────────────────────────────────────────────────────────────────────────[0m
│  [90mNo active agents[0m
│
[1m├─ Backoff queue[0m
│
│  [33m↻[0m [31mPROBE-1[0m [33mattempt=2[0m[2m in [0m[36m17.434s[0m [2merror=agent exited: {%RuntimeError{message: "Agent run failed for issue_id=probe-1 issue_identifier=PR...[0m
╰─
[H[2J[1m╭─ SYMPHONY STATUS[0m
[1m│ Agents: [0m[32m0[0m[90m/[0m[90m1[0m
[1m│ Throughput: [0m[36m0 tps[0m
[1m│ Runtime: [0m[35m0m 0s[0m
[1m│ Tokens: [0m[33min 0[0m[90m | [0m[33mout 0[0m[90m | [0m[33mtotal 0[0m
[1m│ Rate Limits: [0m[90munavailable[0m
[1m│ Project: [0m[36mhttps://linear.app/project/probe/issues[0m
[1m│ Dashboard: [0m[36mhttp://127.0.0.1:42825/[0m
[1m│ Next refresh: [0m[36m1s[0m
[1m├─ Running[0m
│
│   [90mID       STAGE          PID      AGE / TURN   TOKENS     SESSION        EVENT                                       [0m
│   [90m────────────────────────────────────────────────────────────────────────────────────────────────────────────────────[0m
│  [90mNo active agents[0m
│
[1m├─ Backoff queue[0m
│
│  [33m↻[0m [31mPROBE-1[0m [33mattempt=2[0m[2m in [0m[36m17.409s[0m [2merror=agent exited: {%RuntimeError{message: "Agent run failed for issue_id=probe-1 issue_identifier=PR...[0m
╰─
[H[2J[1m╭─ SYMPHONY STATUS[0m
[1m│ Agents: [0m[32m0[0m[90m/[0m[90m1[0m
[1m│ Throughput: [0m[36m0 tps[0m
[1m│ Runtime: [0m[35m0m 0s[0m
[1m│ Tokens: [0m[33min 0[0m[90m | [0m[33mout 0[0m[90m | [0m[33mtotal 0[0m
[1m│ Rate Limits: [0m[90munavailable[0m
[1m│ Project: [0m[36mhttps://linear.app/project/probe/issues[0m
[1m│ Dashboard: [0m[36mhttp://127.0.0.1:42825/[0m
[1m│ Next refresh: [0m[36mchecking now…[0m
[1m├─ Running[0m
│
│   [90mID       STAGE          PID      AGE / TURN   TOKENS     SESSION        EVENT                                       [0m
│   [90m────────────────────────────────────────────────────────────────────────────────────────────────────────────────────[0m
│  [90mNo active agents[0m
│
[1m├─ Backoff queue[0m
│
│  [33m↻[0m [31mPROBE-1[0m [33mattempt=2[0m[2m in [0m[36m17.309s[0m [2merror=agent exited: {%RuntimeError{message: "Agent run failed for issue_id=probe-1 issue_identifier=PR...[0m
╰─
[H[2J[1m╭─ SYMPHONY STATUS[0m
[1m│ Agents: [0m[32m0[0m[90m/[0m[90m1[0m
[1m│ Throughput: [0m[36m0 tps[0m
[1m│ Runtime: [0m[35m0m 0s[0m
[1m│ Tokens: [0m[33min 0[0m[90m | [0m[33mout 0[0m[90m | [0m[33mtotal 0[0m
[1m│ Rate Limits: [0m[90munavailable[0m
[1m│ Project: [0m[36mhttps://linear.app/project/probe/issues[0m
[1m│ Dashboard: [0m[36mhttp://127.0.0.1:42825/[0m
[1m│ Next refresh: [0m[36m1s[0m
[1m├─ Running[0m
│
│   [90mID       STAGE          PID      AGE / TURN   TOKENS     SESSION        EVENT                                       [0m
│   [90m────────────────────────────────────────────────────────────────────────────────────────────────────────────────────[0m
│  [90mNo active agents[0m
│
[1m├─ Backoff queue[0m
│
│  [33m↻[0m [31mPROBE-1[0m [33mattempt=2[0m[2m in [0m[36m17.282s[0m [2merror=agent exited: {%RuntimeError{message: "Agent run failed for issue_id=probe-1 issue_identifier=PR...[0m
╰─
[H[2J[1m╭─ SYMPHONY STATUS[0m
[1m│ Agents: [0m[32m0[0m[90m/[0m[90m1[0m
[1m│ Throughput: [0m[36m0 tps[0m
[1m│ Runtime: [0m[35m0m 0s[0m
[1m│ Tokens: [0m[33min 0[0m[90m | [0m[33mout 0[0m[90m | [0m[33mtotal 0[0m
[1m│ Rate Limits: [0m[90munavailable[0m
[1m│ Project: [0m[36mhttps://linear.app/project/probe/issues[0m
[1m│ Dashboard: [0m[36mhttp://127.0.0.1:42825/[0m
[1m│ Next refresh: [0m[36mchecking now…[0m
[1m├─ Running[0m
│
│   [90mID       STAGE          PID      AGE / TURN   TOKENS     SESSION        EVENT                                       [0m
│   [90m────────────────────────────────────────────────────────────────────────────────────────────────────────────────────[0m
│  [90mNo active agents[0m
│
[1m├─ Backoff queue[0m
│
│  [33m↻[0m [31mPROBE-1[0m [33mattempt=2[0m[2m in [0m[36m17.181s[0m [2merror=agent exited: {%RuntimeError{message: "Agent run failed for issue_id=probe-1 issue_identifier=PR...[0m
╰─
[H[2J[1m╭─ SYMPHONY STATUS[0m
[1m│ Agents: [0m[32m0[0m[90m/[0m[90m1[0m
[1m│ Throughput: [0m[36m0 tps[0m
[1m│ Runtime: [0m[35m0m 0s[0m
[1m│ Tokens: [0m[33min 0[0m[90m | [0m[33mout 0[0m[90m | [0m[33mtotal 0[0m
[1m│ Rate Limits: [0m[90munavailable[0m
[1m│ Project: [0m[36mhttps://linear.app/project/probe/issues[0m
[1m│ Dashboard: [0m[36mhttp://127.0.0.1:42825/[0m
[1m│ Next refresh: [0m[36m1s[0m
[1m├─ Running[0m
│
│   [90mID       STAGE          PID      AGE / TURN   TOKENS     SESSION        EVENT                                       [0m
│   [90m────────────────────────────────────────────────────────────────────────────────────────────────────────────────────[0m
│  [90mNo active agents[0m
│
[1m├─ Backoff queue[0m
│
│  [33m↻[0m [31mPROBE-1[0m [33mattempt=2[0m[2m in [0m[36m17.155s[0m [2merror=agent exited: {%RuntimeError{message: "Agent run failed for issue_id=probe-1 issue_identifier=PR...[0m
╰─
[H[2J[1m╭─ SYMPHONY STATUS[0m
[1m│ Agents: [0m[32m0[0m[90m/[0m[90m1[0m
[1m│ Throughput: [0m[36m0 tps[0m
[1m│ Runtime: [0m[35m0m 0s[0m
[1m│ Tokens: [0m[33min 0[0m[90m | [0m[33mout 0[0m[90m | [0m[33mtotal 0[0m
[1m│ Rate Limits: [0m[90munavailable[0m
[1m│ Project: [0m[36mhttps://linear.app/project/probe/issues[0m
[1m│ Dashboard: [0m[36mhttp://127.0.0.1:42825/[0m
[1m│ Next refresh: [0m[36m1s[0m
[1m├─ Running[0m
│
│   [90mID       STAGE          PID      AGE / TURN   TOKENS     SESSION        EVENT                                       [0m
│   [90m────────────────────────────────────────────────────────────────────────────────────────────────────────────────────[0m
│  [90mNo active agents[0m
│
[1m├─ Backoff queue[0m
│
│  [33m↻[0m [31mPROBE-1[0m [33mattempt=2[0m[2m in [0m[36m17.075s[0m [2merror=agent exited: {%RuntimeError{message: "Agent run failed for issue_id=probe-1 issue_identifier=PR...[0m
╰─
[H[2J[1m╭─ SYMPHONY STATUS[0m
[1m│ Agents: [0m[32m0[0m[90m/[0m[90m1[0m
[1m│ Throughput: [0m[36m0 tps[0m
[1m│ Runtime: [0m[35m0m 0s[0m
[1m│ Tokens: [0m[33min 0[0m[90m | [0m[33mout 0[0m[90m | [0m[33mtotal 0[0m
[1m│ Rate Limits: [0m[90munavailable[0m
[1m│ Project: [0m[36mhttps://linear.app/project/probe/issues[0m
[1m│ Dashboard: [0m[36mhttp://127.0.0.1:42825/[0m
[1m│ Next refresh: [0m[36mchecking now…[0m
[1m├─ Running[0m
│
│   [90mID       STAGE          PID      AGE / TURN   TOKENS     SESSION        EVENT                                       [0m
│   [90m────────────────────────────────────────────────────────────────────────────────────────────────────────────────────[0m
│  [90mNo active agents[0m
│
[1m├─ Backoff queue[0m
│
│  [33m↻[0m [31mPROBE-1[0m [33mattempt=2[0m[2m in [0m[36m17.054s[0m [2merror=agent exited: {%RuntimeError{message: "Agent run failed for issue_id=probe-1 issue_identifier=PR...[0m
╰─
[H[2J[1m╭─ SYMPHONY STATUS[0m
[1m│ Agents: [0m[32m0[0m[90m/[0m[90m1[0m
[1m│ Throughput: [0m[36m0 tps[0m
[1m│ Runtime: [0m[35m0m 0s[0m
[1m│ Tokens: [0m[33min 0[0m[90m | [0m[33mout 0[0m[90m | [0m[33mtotal 0[0m
[1m│ Rate Limits: [0m[90munavailable[0m
[1m│ Project: [0m[36mhttps://linear.app/project/probe/issues[0m
[1m│ Dashboard: [0m[36mhttp://127.0.0.1:42825/[0m
[1m│ Next refresh: [0m[36m1s[0m
[1m├─ Running[0m
│
│   [90mID       STAGE          PID      AGE / TURN   TOKENS     SESSION        EVENT                                       [0m
│   [90m────────────────────────────────────────────────────────────────────────────────────────────────────────────────────[0m
│  [90mNo active agents[0m
│
[1m├─ Backoff queue[0m
│
│  [33m↻[0m [31mPROBE-1[0m [33mattempt=2[0m[2m in [0m[36m17.029s[0m [2merror=agent exited: {%RuntimeError{message: "Agent run failed for issue_id=probe-1 issue_identifier=PR...[0m
╰─
[H[2J[1m╭─ SYMPHONY STATUS[0m
[1m│ Agents: [0m[32m0[0m[90m/[0m[90m1[0m
[1m│ Throughput: [0m[36m0 tps[0m
[1m│ Runtime: [0m[35m0m 0s[0m
[1m│ Tokens: [0m[33min 0[0m[90m | [0m[33mout 0[0m[90m | [0m[33mtotal 0[0m
[1m│ Rate Limits: [0m[90munavailable[0m
[1m│ Project: [0m[36mhttps://linear.app/project/probe/issues[0m
[1m│ Dashboard: [0m[36mhttp://127.0.0.1:42825/[0m
[1m│ Next refresh: [0m[36mchecking now…[0m
[1m├─ Running[0m
│
│   [90mID       STAGE          PID      AGE / TURN   TOKENS     SESSION        EVENT                                       [0m
│   [90m────────────────────────────────────────────────────────────────────────────────────────────────────────────────────[0m
│  [90mNo active agents[0m
│
[1m├─ Backoff queue[0m
│
│  [33m↻[0m [31mPROBE-1[0m [33mattempt=2[0m[2m in [0m[36m16.928s[0m [2merror=agent exited: {%RuntimeError{message: "Agent run failed for issue_id=probe-1 issue_identifier=PR...[0m
╰─
[H[2J[1m╭─ SYMPHONY STATUS[0m
[1m│ Agents: [0m[32m0[0m[90m/[0m[90m1[0m
[1m│ Throughput: [0m[36m0 tps[0m
[1m│ Runtime: [0m[35m0m 0s[0m
[1m│ Tokens: [0m[33min 0[0m[90m | [0m[33mout 0[0m[90m | [0m[33mtotal 0[0m
[1m│ Rate Limits: [0m[90munavailable[0m
[1m│ Project: [0m[36mhttps://linear.app/project/probe/issues[0m
[1m│ Dashboard: [0m[36mhttp://127.0.0.1:42825/[0m
[1m│ Next refresh: [0m[36m1s[0m
[1m├─ Running[0m
│
│   [90mID       STAGE          PID      AGE / TURN   TOKENS     SESSION        EVENT                                       [0m
│   [90m────────────────────────────────────────────────────────────────────────────────────────────────────────────────────[0m
│  [90mNo active agents[0m
│
[1m├─ Backoff queue[0m
│
│  [33m↻[0m [31mPROBE-1[0m [33mattempt=2[0m[2m in [0m[36m16.902s[0m [2merror=agent exited: {%RuntimeError{message: "Agent run failed for issue_id=probe-1 issue_identifier=PR...[0m
╰─
[H[2J[1m╭─ SYMPHONY STATUS[0m
[1m│ Agents: [0m[32m0[0m[90m/[0m[90m1[0m
[1m│ Throughput: [0m[36m0 tps[0m
[1m│ Runtime: [0m[35m0m 0s[0m
[1m│ Tokens: [0m[33min 0[0m[90m | [0m[33mout 0[0m[90m | [0m[33mtotal 0[0m
[1m│ Rate Limits: [0m[90munavailable[0m
[1m│ Project: [0m[36mhttps://linear.app/project/probe/issues[0m
[1m│ Dashboard: [0m[36mhttp://127.0.0.1:42825/[0m
[1m│ Next refresh: [0m[36mchecking now…[0m
[1m├─ Running[0m
│
│   [90mID       STAGE          PID      AGE / TURN   TOKENS     SESSION        EVENT                                       [0m
│   [90m────────────────────────────────────────────────────────────────────────────────────────────────────────────────────[0m
│  [90mNo active agents[0m
│
[1m├─ Backoff queue[0m
│
│  [33m↻[0m [31mPROBE-1[0m [33mattempt=2[0m[2m in [0m[36m16.801s[0m [2merror=agent exited: {%RuntimeError{message: "Agent run failed for issue_id=probe-1 issue_identifier=PR...[0m
╰─
[H[2J[1m╭─ SYMPHONY STATUS[0m
[1m│ Agents: [0m[32m0[0m[90m/[0m[90m1[0m
[1m│ Throughput: [0m[36m0 tps[0m
[1m│ Runtime: [0m[35m0m 0s[0m
[1m│ Tokens: [0m[33min 0[0m[90m | [0m[33mout 0[0m[90m | [0m[33mtotal 0[0m
[1m│ Rate Limits: [0m[90munavailable[0m
[1m│ Project: [0m[36mhttps://linear.app/project/probe/issues[0m
[1m│ Dashboard: [0m[36mhttp://127.0.0.1:42825/[0m
[1m│ Next refresh: [0m[36m1s[0m
[1m├─ Running[0m
│
│   [90mID       STAGE          PID      AGE / TURN   TOKENS     SESSION        EVENT                                       [0m
│   [90m────────────────────────────────────────────────────────────────────────────────────────────────────────────────────[0m
│  [90mNo active agents[0m
│
[1m├─ Backoff queue[0m
│
│  [33m↻[0m [31mPROBE-1[0m [33mattempt=2[0m[2m in [0m[36m16.774s[0m [2merror=agent exited: {%RuntimeError{message: "Agent run failed for issue_id=probe-1 issue_identifier=PR...[0m
╰─
[H[2J[1m╭─ SYMPHONY STATUS[0m
[1m│ Agents: [0m[32m0[0m[90m/[0m[90m1[0m
[1m│ Throughput: [0m[36m0 tps[0m
[1m│ Runtime: [0m[35m0m 0s[0m
[1m│ Tokens: [0m[33min 0[0m[90m | [0m[33mout 0[0m[90m | [0m[33mtotal 0[0m
[1m│ Rate Limits: [0m[90munavailable[0m
[1m│ Project: [0m[36mhttps://linear.app/project/probe/issues[0m
[1m│ Dashboard: [0m[36mhttp://127.0.0.1:42825/[0m
[1m│ Next refresh: [0m[36mchecking now…[0m
[1m├─ Running[0m
│
│   [90mID       STAGE          PID      AGE / TURN   TOKENS     SESSION        EVENT                                       [0m
│   [90m────────────────────────────────────────────────────────────────────────────────────────────────────────────────────[0m
│  [90mNo active agents[0m
│
[1m├─ Backoff queue[0m
│
│  [33m↻[0m [31mPROBE-1[0m [33mattempt=2[0m[2m in [0m[36m16.672s[0m [2merror=agent exited: {%RuntimeError{message: "Agent run failed for issue_id=probe-1 issue_identifier=PR...[0m
╰─
[H[2J[1m╭─ SYMPHONY STATUS[0m
[1m│ Agents: [0m[32m0[0m[90m/[0m[90m1[0m
[1m│ Throughput: [0m[36m0 tps[0m
[1m│ Runtime: [0m[35m0m 0s[0m
[1m│ Tokens: [0m[33min 0[0m[90m | [0m[33mout 0[0m[90m | [0m[33mtotal 0[0m
[1m│ Rate Limits: [0m[90munavailable[0m
[1m│ Project: [0m[36mhttps://linear.app/project/probe/issues[0m
[1m│ Dashboard: [0m[36mhttp://127.0.0.1:42825/[0m
[1m│ Next refresh: [0m[36m1s[0m
[1m├─ Running[0m
│
│   [90mID       STAGE          PID      AGE / TURN   TOKENS     SESSION        EVENT                                       [0m
│   [90m────────────────────────────────────────────────────────────────────────────────────────────────────────────────────[0m
│  [90mNo active agents[0m
│
[1m├─ Backoff queue[0m
│
│  [33m↻[0m [31mPROBE-1[0m [33mattempt=2[0m[2m in [0m[36m16.647s[0m [2merror=agent exited: {%RuntimeError{message: "Agent run failed for issue_id=probe-1 issue_identifier=PR...[0m
╰─
[H[2J[1m╭─ SYMPHONY STATUS[0m
[1m│ Agents: [0m[32m0[0m[90m/[0m[90m1[0m
[1m│ Throughput: [0m[36m0 tps[0m
[1m│ Runtime: [0m[35m0m 0s[0m
[1m│ Tokens: [0m[33min 0[0m[90m | [0m[33mout 0[0m[90m | [0m[33mtotal 0[0m
[1m│ Rate Limits: [0m[90munavailable[0m
[1m│ Project: [0m[36mhttps://linear.app/project/probe/issues[0m
[1m│ Dashboard: [0m[36mhttp://127.0.0.1:42825/[0m
[1m│ Next refresh: [0m[36mchecking now…[0m
[1m├─ Running[0m
│
│   [90mID       STAGE          PID      AGE / TURN   TOKENS     SESSION        EVENT                                       [0m
│   [90m────────────────────────────────────────────────────────────────────────────────────────────────────────────────────[0m
│  [90mNo active agents[0m
│
[1m├─ Backoff queue[0m
│
│  [33m↻[0m [31mPROBE-1[0m [33mattempt=2[0m[2m in [0m[36m16.545s[0m [2merror=agent exited: {%RuntimeError{message: "Agent run failed for issue_id=probe-1 issue_identifier=PR...[0m
╰─
[H[2J[1m╭─ SYMPHONY STATUS[0m
[1m│ Agents: [0m[32m0[0m[90m/[0m[90m1[0m
[1m│ Throughput: [0m[36m0 tps[0m
[1m│ Runtime: [0m[35m0m 0s[0m
[1m│ Tokens: [0m[33min 0[0m[90m | [0m[33mout 0[0m[90m | [0m[33mtotal 0[0m
[1m│ Rate Limits: [0m[90munavailable[0m
[1m│ Project: [0m[36mhttps://linear.app/project/probe/issues[0m
[1m│ Dashboard: [0m[36mhttp://127.0.0.1:42825/[0m
[1m│ Next refresh: [0m[36m1s[0m
[1m├─ Running[0m
│
│   [90mID       STAGE          PID      AGE / TURN   TOKENS     SESSION        EVENT                                       [0m
│   [90m────────────────────────────────────────────────────────────────────────────────────────────────────────────────────[0m
│  [90mNo active agents[0m
│
[1m├─ Backoff queue[0m
│
│  [33m↻[0m [31mPROBE-1[0m [33mattempt=2[0m[2m in [0m[36m16.519s[0m [2merror=agent exited: {%RuntimeError{message: "Agent run failed for issue_id=probe-1 issue_identifier=PR...[0m
╰─
[H[2J[1m╭─ SYMPHONY STATUS[0m
[1m│ Agents: [0m[32m0[0m[90m/[0m[90m1[0m
[1m│ Throughput: [0m[36m0 tps[0m
[1m│ Runtime: [0m[35m0m 0s[0m
[1m│ Tokens: [0m[33min 0[0m[90m | [0m[33mout 0[0m[90m | [0m[33mtotal 0[0m
[1m│ Rate Limits: [0m[90munavailable[0m
[1m│ Project: [0m[36mhttps://linear.app/project/probe/issues[0m
[1m│ Dashboard: [0m[36mhttp://127.0.0.1:42825/[0m
[1m│ Next refresh: [0m[36mchecking now…[0m
[1m├─ Running[0m
│
│   [90mID       STAGE          PID      AGE / TURN   TOKENS     SESSION        EVENT                                       [0m
│   [90m────────────────────────────────────────────────────────────────────────────────────────────────────────────────────[0m
│  [90mNo active agents[0m
│
[1m├─ Backoff queue[0m
│
│  [33m↻[0m [31mPROBE-1[0m [33mattempt=2[0m[2m in [0m[36m16.417s[0m [2merror=agent exited: {%RuntimeError{message: "Agent run failed for issue_id=probe-1 issue_identifier=PR...[0m
╰─
[H[2J[1m╭─ SYMPHONY STATUS[0m
[1m│ Agents: [0m[32m0[0m[90m/[0m[90m1[0m
[1m│ Throughput: [0m[36m0 tps[0m
[1m│ Runtime: [0m[35m0m 0s[0m
[1m│ Tokens: [0m[33min 0[0m[90m | [0m[33mout 0[0m[90m | [0m[33mtotal 0[0m
[1m│ Rate Limits: [0m[90munavailable[0m
[1m│ Project: [0m[36mhttps://linear.app/project/probe/issues[0m
[1m│ Dashboard: [0m[36mhttp://127.0.0.1:42825/[0m
[1m│ Next refresh: [0m[36m1s[0m
[1m├─ Running[0m
│
│   [90mID       STAGE          PID      AGE / TURN   TOKENS     SESSION        EVENT                                       [0m
│   [90m────────────────────────────────────────────────────────────────────────────────────────────────────────────────────[0m
│  [90mNo active agents[0m
│
[1m├─ Backoff queue[0m
│
│  [33m↻[0m [31mPROBE-1[0m [33mattempt=2[0m[2m in [0m[36m16.390s[0m [2merror=agent exited: {%RuntimeError{message: "Agent run failed for issue_id=probe-1 issue_identifier=PR...[0m
╰─
[H[2J[1m╭─ SYMPHONY STATUS[0m
[1m│ Agents: [0m[32m0[0m[90m/[0m[90m1[0m
[1m│ Throughput: [0m[36m0 tps[0m
[1m│ Runtime: [0m[35m0m 0s[0m
[1m│ Tokens: [0m[33min 0[0m[90m | [0m[33mout 0[0m[90m | [0m[33mtotal 0[0m
[1m│ Rate Limits: [0m[90munavailable[0m
[1m│ Project: [0m[36mhttps://linear.app/project/probe/issues[0m
[1m│ Dashboard: [0m[36mhttp://127.0.0.1:42825/[0m
[1m│ Next refresh: [0m[36mchecking now…[0m
[1m├─ Running[0m
│
│   [90mID       STAGE          PID      AGE / TURN   TOKENS     SESSION        EVENT                                       [0m
│   [90m────────────────────────────────────────────────────────────────────────────────────────────────────────────────────[0m
│  [90mNo active agents[0m
│
[1m├─ Backoff queue[0m
│
│  [33m↻[0m [31mPROBE-1[0m [33mattempt=2[0m[2m in [0m[36m16.290s[0m [2merror=agent exited: {%RuntimeError{message: "Agent run failed for issue_id=probe-1 issue_identifier=PR...[0m
╰─
[H[2J[1m╭─ SYMPHONY STATUS[0m
[1m│ Agents: [0m[32m0[0m[90m/[0m[90m1[0m
[1m│ Throughput: [0m[36m0 tps[0m
[1m│ Runtime: [0m[35m0m 0s[0m
[1m│ Tokens: [0m[33min 0[0m[90m | [0m[33mout 0[0m[90m | [0m[33mtotal 0[0m
[1m│ Rate Limits: [0m[90munavailable[0m
[1m│ Project: [0m[36mhttps://linear.app/project/probe/issues[0m
[1m│ Dashboard: [0m[36mhttp://127.0.0.1:42825/[0m
[1m│ Next refresh: [0m[36m1s[0m
[1m├─ Running[0m
│
│   [90mID       STAGE          PID      AGE / TURN   TOKENS     SESSION        EVENT                                       [0m
│   [90m────────────────────────────────────────────────────────────────────────────────────────────────────────────────────[0m
│  [90mNo active agents[0m
│
[1m├─ Backoff queue[0m
│
│  [33m↻[0m [31mPROBE-1[0m [33mattempt=2[0m[2m in [0m[36m16.261s[0m [2merror=agent exited: {%RuntimeError{message: "Agent run failed for issue_id=probe-1 issue_identifier=PR...[0m
╰─
[H[2J[1m╭─ SYMPHONY STATUS[0m
[1m│ Agents: [0m[32m0[0m[90m/[0m[90m1[0m
[1m│ Throughput: [0m[36m0 tps[0m
[1m│ Runtime: [0m[35m0m 0s[0m
[1m│ Tokens: [0m[33min 0[0m[90m | [0m[33mout 0[0m[90m | [0m[33mtotal 0[0m
[1m│ Rate Limits: [0m[90munavailable[0m
[1m│ Project: [0m[36mhttps://linear.app/project/probe/issues[0m
[1m│ Dashboard: [0m[36mhttp://127.0.0.1:42825/[0m
[1m│ Next refresh: [0m[36mchecking now…[0m
[1m├─ Running[0m
│
│   [90mID       STAGE          PID      AGE / TURN   TOKENS     SESSION        EVENT                                       [0m
│   [90m────────────────────────────────────────────────────────────────────────────────────────────────────────────────────[0m
│  [90mNo active agents[0m
│
[1m├─ Backoff queue[0m
│
│  [33m↻[0m [31mPROBE-1[0m [33mattempt=2[0m[2m in [0m[36m16.162s[0m [2merror=agent exited: {%RuntimeError{message: "Agent run failed for issue_id=probe-1 issue_identifier=PR...[0m
╰─
[H[2J[1m╭─ SYMPHONY STATUS[0m
[1m│ Agents: [0m[32m0[0m[90m/[0m[90m1[0m
[1m│ Throughput: [0m[36m0 tps[0m
[1m│ Runtime: [0m[35m0m 0s[0m
[1m│ Tokens: [0m[33min 0[0m[90m | [0m[33mout 0[0m[90m | [0m[33mtotal 0[0m
[1m│ Rate Limits: [0m[90munavailable[0m
[1m│ Project: [0m[36mhttps://linear.app/project/probe/issues[0m
[1m│ Dashboard: [0m[36mhttp://127.0.0.1:42825/[0m
[1m│ Next refresh: [0m[36m1s[0m
[1m├─ Running[0m
│
│   [90mID       STAGE          PID      AGE / TURN   TOKENS     SESSION        EVENT                                       [0m
│   [90m────────────────────────────────────────────────────────────────────────────────────────────────────────────────────[0m
│  [90mNo active agents[0m
│
[1m├─ Backoff queue[0m
│
│  [33m↻[0m [31mPROBE-1[0m [33mattempt=2[0m[2m in [0m[36m16.136s[0m [2merror=agent exited: {%RuntimeError{message: "Agent run failed for issue_id=probe-1 issue_identifier=PR...[0m
╰─
[H[2J[1m╭─ SYMPHONY STATUS[0m
[1m│ Agents: [0m[32m0[0m[90m/[0m[90m1[0m
[1m│ Throughput: [0m[36m0 tps[0m
[1m│ Runtime: [0m[35m0m 0s[0m
[1m│ Tokens: [0m[33min 0[0m[90m | [0m[33mout 0[0m[90m | [0m[33mtotal 0[0m
[1m│ Rate Limits: [0m[90munavailable[0m
[1m│ Project: [0m[36mhttps://linear.app/project/probe/issues[0m
[1m│ Dashboard: [0m[36mhttp://127.0.0.1:42825/[0m
[1m│ Next refresh: [0m[36m1s[0m
[1m├─ Running[0m
│
│   [90mID       STAGE          PID      AGE / TURN   TOKENS     SESSION        EVENT                                       [0m
│   [90m────────────────────────────────────────────────────────────────────────────────────────────────────────────────────[0m
│  [90mNo active agents[0m
│
[1m├─ Backoff queue[0m
│
│  [33m↻[0m [31mPROBE-1[0m [33mattempt=2[0m[2m in [0m[36m16.072s[0m [2merror=agent exited: {%RuntimeError{message: "Agent run failed for issue_id=probe-1 issue_identifier=PR...[0m
╰─
[H[2J[1m╭─ SYMPHONY STATUS[0m
[1m│ Agents: [0m[32m0[0m[90m/[0m[90m1[0m
[1m│ Throughput: [0m[36m0 tps[0m
[1m│ Runtime: [0m[35m0m 0s[0m
[1m│ Tokens: [0m[33min 0[0m[90m | [0m[33mout 0[0m[90m | [0m[33mtotal 0[0m
[1m│ Rate Limits: [0m[90munavailable[0m
[1m│ Project: [0m[36mhttps://linear.app/project/probe/issues[0m
[1m│ Dashboard: [0m[36mhttp://127.0.0.1:42825/[0m
[1m│ Next refresh: [0m[36mchecking now…[0m
[1m├─ Running[0m
│
│   [90mID       STAGE          PID      AGE / TURN   TOKENS     SESSION        EVENT                                       [0m
│   [90m────────────────────────────────────────────────────────────────────────────────────────────────────────────────────[0m
│  [90mNo active agents[0m
│
[1m├─ Backoff queue[0m
│
│  [33m↻[0m [31mPROBE-1[0m [33mattempt=2[0m[2m in [0m[36m16.033s[0m [2merror=agent exited: {%RuntimeError{message: "Agent run failed for issue_id=probe-1 issue_identifier=PR...[0m
╰─
[H[2J[1m╭─ SYMPHONY STATUS[0m
[1m│ Agents: [0m[32m0[0m[90m/[0m[90m1[0m
[1m│ Throughput: [0m[36m0 tps[0m
[1m│ Runtime: [0m[35m0m 0s[0m
[1m│ Tokens: [0m[33min 0[0m[90m | [0m[33mout 0[0m[90m | [0m[33mtotal 0[0m
[1m│ Rate Limits: [0m[90munavailable[0m
[1m│ Project: [0m[36mhttps://linear.app/project/probe/issues[0m
[1m│ Dashboard: [0m[36mhttp://127.0.0.1:42825/[0m
[1m│ Next refresh: [0m[36m1s[0m
[1m├─ Running[0m
│
│   [90mID       STAGE          PID      AGE / TURN   TOKENS     SESSION        EVENT                                       [0m
│   [90m────────────────────────────────────────────────────────────────────────────────────────────────────────────────────[0m
│  [90mNo active agents[0m
│
[1m├─ Backoff queue[0m
│
│  [33m↻[0m [31mPROBE-1[0m [33mattempt=2[0m[2m in [0m[36m16.007s[0m [2merror=agent exited: {%RuntimeError{message: "Agent run failed for issue_id=probe-1 issue_identifier=PR...[0m
╰─
[H[2J[1m╭─ SYMPHONY STATUS[0m
[1m│ Agents: [0m[32m0[0m[90m/[0m[90m1[0m
[1m│ Throughput: [0m[36m0 tps[0m
[1m│ Runtime: [0m[35m0m 0s[0m
[1m│ Tokens: [0m[33min 0[0m[90m | [0m[33mout 0[0m[90m | [0m[33mtotal 0[0m
[1m│ Rate Limits: [0m[90munavailable[0m
[1m│ Project: [0m[36mhttps://linear.app/project/probe/issues[0m
[1m│ Dashboard: [0m[36mhttp://127.0.0.1:42825/[0m
[1m│ Next refresh: [0m[36mchecking now…[0m
[1m├─ Running[0m
│
│   [90mID       STAGE          PID      AGE / TURN   TOKENS     SESSION        EVENT                                       [0m
│   [90m────────────────────────────────────────────────────────────────────────────────────────────────────────────────────[0m
│  [90mNo active agents[0m
│
[1m├─ Backoff queue[0m
│
│  [33m↻[0m [31mPROBE-1[0m [33mattempt=2[0m[2m in [0m[36m15.906s[0m [2merror=agent exited: {%RuntimeError{message: "Agent run failed for issue_id=probe-1 issue_identifier=PR...[0m
╰─
[H[2J[1m╭─ SYMPHONY STATUS[0m
[1m│ Agents: [0m[32m0[0m[90m/[0m[90m1[0m
[1m│ Throughput: [0m[36m0 tps[0m
[1m│ Runtime: [0m[35m0m 0s[0m
[1m│ Tokens: [0m[33min 0[0m[90m | [0m[33mout 0[0m[90m | [0m[33mtotal 0[0m
[1m│ Rate Limits: [0m[90munavailable[0m
[1m│ Project: [0m[36mhttps://linear.app/project/probe/issues[0m
[1m│ Dashboard: [0m[36mhttp://127.0.0.1:42825/[0m
[1m│ Next refresh: [0m[36m1s[0m
[1m├─ Running[0m
│
│   [90mID       STAGE          PID      AGE / TURN   TOKENS     SESSION        EVENT                                       [0m
│   [90m────────────────────────────────────────────────────────────────────────────────────────────────────────────────────[0m
│  [90mNo active agents[0m
│
[1m├─ Backoff queue[0m
│
│  [33m↻[0m [31mPROBE-1[0m [33mattempt=2[0m[2m in [0m[36m15.882s[0m [2merror=agent exited: {%RuntimeError{message: "Agent run failed for issue_id=probe-1 issue_identifier=PR...[0m
╰─
[H[2J[1m╭─ SYMPHONY STATUS[0m
[1m│ Agents: [0m[32m0[0m[90m/[0m[90m1[0m
[1m│ Throughput: [0m[36m0 tps[0m
[1m│ Runtime: [0m[35m0m 0s[0m
[1m│ Tokens: [0m[33min 0[0m[90m | [0m[33mout 0[0m[90m | [0m[33mtotal 0[0m
[1m│ Rate Limits: [0m[90munavailable[0m
[1m│ Project: [0m[36mhttps://linear.app/project/probe/issues[0m
[1m│ Dashboard: [0m[36mhttp://127.0.0.1:42825/[0m
[1m│ Next refresh: [0m[36mchecking now…[0m
[1m├─ Running[0m
│
│   [90mID       STAGE          PID      AGE / TURN   TOKENS     SESSION        EVENT                                       [0m
│   [90m────────────────────────────────────────────────────────────────────────────────────────────────────────────────────[0m
│  [90mNo active agents[0m
│
[1m├─ Backoff queue[0m
│
│  [33m↻[0m [31mPROBE-1[0m [33mattempt=2[0m[2m in [0m[36m15.780s[0m [2merror=agent exited: {%RuntimeError{message: "Agent run failed for issue_id=probe-1 issue_identifier=PR...[0m
╰─
[H[2J[1m╭─ SYMPHONY STATUS[0m
[1m│ Agents: [0m[32m0[0m[90m/[0m[90m1[0m
[1m│ Throughput: [0m[36m0 tps[0m
[1m│ Runtime: [0m[35m0m 0s[0m
[1m│ Tokens: [0m[33min 0[0m[90m | [0m[33mout 0[0m[90m | [0m[33mtotal 0[0m
[1m│ Rate Limits: [0m[90munavailable[0m
[1m│ Project: [0m[36mhttps://linear.app/project/probe/issues[0m
[1m│ Dashboard: [0m[36mhttp://127.0.0.1:42825/[0m
[1m│ Next refresh: [0m[36m1s[0m
[1m├─ Running[0m
│
│   [90mID       STAGE          PID      AGE / TURN   TOKENS     SESSION        EVENT                                       [0m
│   [90m────────────────────────────────────────────────────────────────────────────────────────────────────────────────────[0m
│  [90mNo active agents[0m
│
[1m├─ Backoff queue[0m
│
│  [33m↻[0m [31mPROBE-1[0m [33mattempt=2[0m[2m in [0m[36m15.753s[0m [2merror=agent exited: {%RuntimeError{message: "Agent run failed for issue_id=probe-1 issue_identifier=PR...[0m
╰─
[H[2J[1m╭─ SYMPHONY STATUS[0m
[1m│ Agents: [0m[32m0[0m[90m/[0m[90m1[0m
[1m│ Throughput: [0m[36m0 tps[0m
[1m│ Runtime: [0m[35m0m 0s[0m
[1m│ Tokens: [0m[33min 0[0m[90m | [0m[33mout 0[0m[90m | [0m[33mtotal 0[0m
[1m│ Rate Limits: [0m[90munavailable[0m
[1m│ Project: [0m[36mhttps://linear.app/project/probe/issues[0m
[1m│ Dashboard: [0m[36mhttp://127.0.0.1:42825/[0m
[1m│ Next refresh: [0m[36mchecking now…[0m
[1m├─ Running[0m
│
│   [90mID       STAGE          PID      AGE / TURN   TOKENS     SESSION        EVENT                                       [0m
│   [90m────────────────────────────────────────────────────────────────────────────────────────────────────────────────────[0m
│  [90mNo active agents[0m
│
[1m├─ Backoff queue[0m
│
│  [33m↻[0m [31mPROBE-1[0m [33mattempt=2[0m[2m in [0m[36m15.651s[0m [2merror=agent exited: {%RuntimeError{message: "Agent run failed for issue_id=probe-1 issue_identifier=PR...[0m
╰─
[H[2J[1m╭─ SYMPHONY STATUS[0m
[1m│ Agents: [0m[32m0[0m[90m/[0m[90m1[0m
[1m│ Throughput: [0m[36m0 tps[0m
[1m│ Runtime: [0m[35m0m 0s[0m
[1m│ Tokens: [0m[33min 0[0m[90m | [0m[33mout 0[0m[90m | [0m[33mtotal 0[0m
[1m│ Rate Limits: [0m[90munavailable[0m
[1m│ Project: [0m[36mhttps://linear.app/project/probe/issues[0m
[1m│ Dashboard: [0m[36mhttp://127.0.0.1:42825/[0m
[1m│ Next refresh: [0m[36m1s[0m
[1m├─ Running[0m
│
│   [90mID       STAGE          PID      AGE / TURN   TOKENS     SESSION        EVENT                                       [0m
│   [90m────────────────────────────────────────────────────────────────────────────────────────────────────────────────────[0m
│  [90mNo active agents[0m
│
[1m├─ Backoff queue[0m
│
│  [33m↻[0m [31mPROBE-1[0m [33mattempt=2[0m[2m in [0m[36m15.623s[0m [2merror=agent exited: {%RuntimeError{message: "Agent run failed for issue_id=probe-1 issue_identifier=PR...[0m
╰─
[H[2J[1m╭─ SYMPHONY STATUS[0m
[1m│ Agents: [0m[32m0[0m[90m/[0m[90m1[0m
[1m│ Throughput: [0m[36m0 tps[0m
[1m│ Runtime: [0m[35m0m 0s[0m
[1m│ Tokens: [0m[33min 0[0m[90m | [0m[33mout 0[0m[90m | [0m[33mtotal 0[0m
[1m│ Rate Limits: [0m[90munavailable[0m
[1m│ Project: [0m[36mhttps://linear.app/project/probe/issues[0m
[1m│ Dashboard: [0m[36mhttp://127.0.0.1:42825/[0m
[1m│ Next refresh: [0m[36mchecking now…[0m
[1m├─ Running[0m
│
│   [90mID       STAGE          PID      AGE / TURN   TOKENS     SESSION        EVENT                                       [0m
│   [90m────────────────────────────────────────────────────────────────────────────────────────────────────────────────────[0m
│  [90mNo active agents[0m
│
[1m├─ Backoff queue[0m
│
│  [33m↻[0m [31mPROBE-1[0m [33mattempt=2[0m[2m in [0m[36m15.521s[0m [2merror=agent exited: {%RuntimeError{message: "Agent run failed for issue_id=probe-1 issue_identifier=PR...[0m
╰─
[H[2J[1m╭─ SYMPHONY STATUS[0m
[1m│ Agents: [0m[32m0[0m[90m/[0m[90m1[0m
[1m│ Throughput: [0m[36m0 tps[0m
[1m│ Runtime: [0m[35m0m 0s[0m
[1m│ Tokens: [0m[33min 0[0m[90m | [0m[33mout 0[0m[90m | [0m[33mtotal 0[0m
[1m│ Rate Limits: [0m[90munavailable[0m
[1m│ Project: [0m[36mhttps://linear.app/project/probe/issues[0m
[1m│ Dashboard: [0m[36mhttp://127.0.0.1:42825/[0m
[1m│ Next refresh: [0m[36m1s[0m
[1m├─ Running[0m
│
│   [90mID       STAGE          PID      AGE / TURN   TOKENS     SESSION        EVENT                                       [0m
│   [90m────────────────────────────────────────────────────────────────────────────────────────────────────────────────────[0m
│  [90mNo active agents[0m
│
[1m├─ Backoff queue[0m
│
│  [33m↻[0m [31mPROBE-1[0m [33mattempt=2[0m[2m in [0m[36m15.490s[0m [2merror=agent exited: {%RuntimeError{message: "Agent run failed for issue_id=probe-1 issue_identifier=PR...[0m
╰─
[H[2J[1m╭─ SYMPHONY STATUS[0m
[1m│ Agents: [0m[32m0[0m[90m/[0m[90m1[0m
[1m│ Throughput: [0m[36m0 tps[0m
[1m│ Runtime: [0m[35m0m 0s[0m
[1m│ Tokens: [0m[33min 0[0m[90m | [0m[33mout 0[0m[90m | [0m[33mtotal 0[0m
[1m│ Rate Limits: [0m[90munavailable[0m
[1m│ Project: [0m[36mhttps://linear.app/project/probe/issues[0m
[1m│ Dashboard: [0m[36mhttp://127.0.0.1:42825/[0m
[1m│ Next refresh: [0m[36mchecking now…[0m
[1m├─ Running[0m
│
│   [90mID       STAGE          PID      AGE / TURN   TOKENS     SESSION        EVENT                                       [0m
│   [90m────────────────────────────────────────────────────────────────────────────────────────────────────────────────────[0m
│  [90mNo active agents[0m
│
[1m├─ Backoff queue[0m
│
│  [33m↻[0m [31mPROBE-1[0m [33mattempt=2[0m[2m in [0m[36m15.389s[0m [2merror=agent exited: {%RuntimeError{message: "Agent run failed for issue_id=probe-1 issue_identifier=PR...[0m
╰─
[H[2J[1m╭─ SYMPHONY STATUS[0m
[1m│ Agents: [0m[32m0[0m[90m/[0m[90m1[0m
[1m│ Throughput: [0m[36m0 tps[0m
[1m│ Runtime: [0m[35m0m 0s[0m
[1m│ Tokens: [0m[33min 0[0m[90m | [0m[33mout 0[0m[90m | [0m[33mtotal 0[0m
[1m│ Rate Limits: [0m[90munavailable[0m
[1m│ Project: [0m[36mhttps://linear.app/project/probe/issues[0m
[1m│ Dashboard: [0m[36mhttp://127.0.0.1:42825/[0m
[1m│ Next refresh: [0m[36m1s[0m
[1m├─ Running[0m
│
│   [90mID       STAGE          PID      AGE / TURN   TOKENS     SESSION        EVENT                                       [0m
│   [90m────────────────────────────────────────────────────────────────────────────────────────────────────────────────────[0m
│  [90mNo active agents[0m
│
[1m├─ Backoff queue[0m
│
│  [33m↻[0m [31mPROBE-1[0m [33mattempt=2[0m[2m in [0m[36m15.361s[0m [2merror=agent exited: {%RuntimeError{message: "Agent run failed for issue_id=probe-1 issue_identifier=PR...[0m
╰─
[H[2J[1m╭─ SYMPHONY STATUS[0m
[1m│ Agents: [0m[32m0[0m[90m/[0m[90m1[0m
[1m│ Throughput: [0m[36m0 tps[0m
[1m│ Runtime: [0m[35m0m 0s[0m
[1m│ Tokens: [0m[33min 0[0m[90m | [0m[33mout 0[0m[90m | [0m[33mtotal 0[0m
[1m│ Rate Limits: [0m[90munavailable[0m
[1m│ Project: [0m[36mhttps://linear.app/project/probe/issues[0m
[1m│ Dashboard: [0m[36mhttp://127.0.0.1:42825/[0m
[1m│ Next refresh: [0m[36mchecking now…[0m
[1m├─ Running[0m
│
│   [90mID       STAGE          PID      AGE / TURN   TOKENS     SESSION        EVENT                                       [0m
│   [90m────────────────────────────────────────────────────────────────────────────────────────────────────────────────────[0m
│  [90mNo active agents[0m
│
[1m├─ Backoff queue[0m
│
│  [33m↻[0m [31mPROBE-1[0m [33mattempt=2[0m[2m in [0m[36m15.260s[0m [2merror=agent exited: {%RuntimeError{message: "Agent run failed for issue_id=probe-1 issue_identifier=PR...[0m
╰─
[H[2J[1m╭─ SYMPHONY STATUS[0m
[1m│ Agents: [0m[32m0[0m[90m/[0m[90m1[0m
[1m│ Throughput: [0m[36m0 tps[0m
[1m│ Runtime: [0m[35m0m 0s[0m
[1m│ Tokens: [0m[33min 0[0m[90m | [0m[33mout 0[0m[90m | [0m[33mtotal 0[0m
[1m│ Rate Limits: [0m[90munavailable[0m
[1m│ Project: [0m[36mhttps://linear.app/project/probe/issues[0m
[1m│ Dashboard: [0m[36mhttp://127.0.0.1:42825/[0m
[1m│ Next refresh: [0m[36m1s[0m
[1m├─ Running[0m
│
│   [90mID       STAGE          PID      AGE / TURN   TOKENS     SESSION        EVENT                                       [0m
│   [90m────────────────────────────────────────────────────────────────────────────────────────────────────────────────────[0m
│  [90mNo active agents[0m
│
[1m├─ Backoff queue[0m
│
│  [33m↻[0m [31mPROBE-1[0m [33mattempt=2[0m[2m in [0m[36m15.233s[0m [2merror=agent exited: {%RuntimeError{message: "Agent run failed for issue_id=probe-1 issue_identifier=PR...[0m
╰─
[H[2J[1m╭─ SYMPHONY STATUS[0m
[1m│ Agents: [0m[32m0[0m[90m/[0m[90m1[0m
[1m│ Throughput: [0m[36m0 tps[0m
[1m│ Runtime: [0m[35m0m 0s[0m
[1m│ Tokens: [0m[33min 0[0m[90m | [0m[33mout 0[0m[90m | [0m[33mtotal 0[0m
[1m│ Rate Limits: [0m[90munavailable[0m
[1m│ Project: [0m[36mhttps://linear.app/project/probe/issues[0m
[1m│ Dashboard: [0m[36mhttp://127.0.0.1:42825/[0m
[1m│ Next refresh: [0m[36mchecking now…[0m
[1m├─ Running[0m
│
│   [90mID       STAGE          PID      AGE / TURN   TOKENS     SESSION        EVENT                                       [0m
│   [90m────────────────────────────────────────────────────────────────────────────────────────────────────────────────────[0m
│  [90mNo active agents[0m
│
[1m├─ Backoff queue[0m
│
│  [33m↻[0m [31mPROBE-1[0m [33mattempt=2[0m[2m in [0m[36m15.132s[0m [2merror=agent exited: {%RuntimeError{message: "Agent run failed for issue_id=probe-1 issue_identifier=PR...[0m
╰─
[H[2J[1m╭─ SYMPHONY STATUS[0m
[1m│ Agents: [0m[32m0[0m[90m/[0m[90m1[0m
[1m│ Throughput: [0m[36m0 tps[0m
[1m│ Runtime: [0m[35m0m 0s[0m
[1m│ Tokens: [0m[33min 0[0m[90m | [0m[33mout 0[0m[90m | [0m[33mtotal 0[0m
[1m│ Rate Limits: [0m[90munavailable[0m
[1m│ Project: [0m[36mhttps://linear.app/project/probe/issues[0m
[1m│ Dashboard: [0m[36mhttp://127.0.0.1:42825/[0m
[1m│ Next refresh: [0m[36m1s[0m
[1m├─ Running[0m
│
│   [90mID       STAGE          PID      AGE / TURN   TOKENS     SESSION        EVENT                                       [0m
│   [90m────────────────────────────────────────────────────────────────────────────────────────────────────────────────────[0m
│  [90mNo active agents[0m
│
[1m├─ Backoff queue[0m
│
│  [33m↻[0m [31mPROBE-1[0m [33mattempt=2[0m[2m in [0m[36m15.108s[0m [2merror=agent exited: {%RuntimeError{message: "Agent run failed for issue_id=probe-1 issue_identifier=PR...[0m
╰─
[H[2J[1m╭─ SYMPHONY STATUS[0m
[1m│ Agents: [0m[32m0[0m[90m/[0m[90m1[0m
[1m│ Throughput: [0m[36m0 tps[0m
[1m│ Runtime: [0m[35m0m 0s[0m
[1m│ Tokens: [0m[33min 0[0m[90m | [0m[33mout 0[0m[90m | [0m[33mtotal 0[0m
[1m│ Rate Limits: [0m[90munavailable[0m
[1m│ Project: [0m[36mhttps://linear.app/project/probe/issues[0m
[1m│ Dashboard: [0m[36mhttp://127.0.0.1:42825/[0m
[1m│ Next refresh: [0m[36m1s[0m
[1m├─ Running[0m
│
│   [90mID       STAGE          PID      AGE / TURN   TOKENS     SESSION        EVENT                                       [0m
│   [90m────────────────────────────────────────────────────────────────────────────────────────────────────────────────────[0m
│  [90mNo active agents[0m
│
[1m├─ Backoff queue[0m
│
│  [33m↻[0m [31mPROBE-1[0m [33mattempt=2[0m[2m in [0m[36m15.069s[0m [2merror=agent exited: {%RuntimeError{message: "Agent run failed for issue_id=probe-1 issue_identifier=PR...[0m
╰─
[H[2J[1m╭─ SYMPHONY STATUS[0m
[1m│ Agents: [0m[32m0[0m[90m/[0m[90m1[0m
[1m│ Throughput: [0m[36m0 tps[0m
[1m│ Runtime: [0m[35m0m 0s[0m
[1m│ Tokens: [0m[33min 0[0m[90m | [0m[33mout 0[0m[90m | [0m[33mtotal 0[0m
[1m│ Rate Limits: [0m[90munavailable[0m
[1m│ Project: [0m[36mhttps://linear.app/project/probe/issues[0m
[1m│ Dashboard: [0m[36mhttp://127.0.0.1:42825/[0m
[1m│ Next refresh: [0m[36mchecking now…[0m
[1m├─ Running[0m
│
│   [90mID       STAGE          PID      AGE / TURN   TOKENS     SESSION        EVENT                                       [0m
│   [90m────────────────────────────────────────────────────────────────────────────────────────────────────────────────────[0m
│  [90mNo active agents[0m
│
[1m├─ Backoff queue[0m
│
│  [33m↻[0m [31mPROBE-1[0m [33mattempt=2[0m[2m in [0m[36m15.007s[0m [2merror=agent exited: {%RuntimeError{message: "Agent run failed for issue_id=probe-1 issue_identifier=PR...[0m
╰─
[H[2J[1m╭─ SYMPHONY STATUS[0m
[1m│ Agents: [0m[32m0[0m[90m/[0m[90m1[0m
[1m│ Throughput: [0m[36m0 tps[0m
[1m│ Runtime: [0m[35m0m 0s[0m
[1m│ Tokens: [0m[33min 0[0m[90m | [0m[33mout 0[0m[90m | [0m[33mtotal 0[0m
[1m│ Rate Limits: [0m[90munavailable[0m
[1m│ Project: [0m[36mhttps://linear.app/project/probe/issues[0m
[1m│ Dashboard: [0m[36mhttp://127.0.0.1:42825/[0m
[1m│ Next refresh: [0m[36m1s[0m
[1m├─ Running[0m
│
│   [90mID       STAGE          PID      AGE / TURN   TOKENS     SESSION        EVENT                                       [0m
│   [90m────────────────────────────────────────────────────────────────────────────────────────────────────────────────────[0m
│  [90mNo active agents[0m
│
[1m├─ Backoff queue[0m
│
│  [33m↻[0m [31mPROBE-1[0m [33mattempt=2[0m[2m in [0m[36m14.981s[0m [2merror=agent exited: {%RuntimeError{message: "Agent run failed for issue_id=probe-1 issue_identifier=PR...[0m
╰─
[H[2J[1m╭─ SYMPHONY STATUS[0m
[1m│ Agents: [0m[32m0[0m[90m/[0m[90m1[0m
[1m│ Throughput: [0m[36m0 tps[0m
[1m│ Runtime: [0m[35m0m 0s[0m
[1m│ Tokens: [0m[33min 0[0m[90m | [0m[33mout 0[0m[90m | [0m[33mtotal 0[0m
[1m│ Rate Limits: [0m[90munavailable[0m
[1m│ Project: [0m[36mhttps://linear.app/project/probe/issues[0m
[1m│ Dashboard: [0m[36mhttp://127.0.0.1:42825/[0m
[1m│ Next refresh: [0m[36mchecking now…[0m
[1m├─ Running[0m
│
│   [90mID       STAGE          PID      AGE / TURN   TOKENS     SESSION        EVENT                                       [0m
│   [90m────────────────────────────────────────────────────────────────────────────────────────────────────────────────────[0m
│  [90mNo active agents[0m
│
[1m├─ Backoff queue[0m
│
│  [33m↻[0m [31mPROBE-1[0m [33mattempt=2[0m[2m in [0m[36m14.880s[0m [2merror=agent exited: {%RuntimeError{message: "Agent run failed for issue_id=probe-1 issue_identifier=PR...[0m
╰─
[H[2J[1m╭─ SYMPHONY STATUS[0m
[1m│ Agents: [0m[32m0[0m[90m/[0m[90m1[0m
[1m│ Throughput: [0m[36m0 tps[0m
[1m│ Runtime: [0m[35m0m 0s[0m
[1m│ Tokens: [0m[33min 0[0m[90m | [0m[33mout 0[0m[90m | [0m[33mtotal 0[0m
[1m│ Rate Limits: [0m[90munavailable[0m
[1m│ Project: [0m[36mhttps://linear.app/project/probe/issues[0m
[1m│ Dashboard: [0m[36mhttp://127.0.0.1:42825/[0m
[1m│ Next refresh: [0m[36m1s[0m
[1m├─ Running[0m
│
│   [90mID       STAGE          PID      AGE / TURN   TOKENS     SESSION        EVENT                                       [0m
│   [90m────────────────────────────────────────────────────────────────────────────────────────────────────────────────────[0m
│  [90mNo active agents[0m
│
[1m├─ Backoff queue[0m
│
│  [33m↻[0m [31mPROBE-1[0m [33mattempt=2[0m[2m in [0m[36m14.854s[0m [2merror=agent exited: {%RuntimeError{message: "Agent run failed for issue_id=probe-1 issue_identifier=PR...[0m
╰─
[H[2J[1m╭─ SYMPHONY STATUS[0m
[1m│ Agents: [0m[32m0[0m[90m/[0m[90m1[0m
[1m│ Throughput: [0m[36m0 tps[0m
[1m│ Runtime: [0m[35m0m 0s[0m
[1m│ Tokens: [0m[33min 0[0m[90m | [0m[33mout 0[0m[90m | [0m[33mtotal 0[0m
[1m│ Rate Limits: [0m[90munavailable[0m
[1m│ Project: [0m[36mhttps://linear.app/project/probe/issues[0m
[1m│ Dashboard: [0m[36mhttp://127.0.0.1:42825/[0m
[1m│ Next refresh: [0m[36mchecking now…[0m
[1m├─ Running[0m
│
│   [90mID       STAGE          PID      AGE / TURN   TOKENS     SESSION        EVENT                                       [0m
│   [90m────────────────────────────────────────────────────────────────────────────────────────────────────────────────────[0m
│  [90mNo active agents[0m
│
[1m├─ Backoff queue[0m
│
│  [33m↻[0m [31mPROBE-1[0m [33mattempt=2[0m[2m in [0m[36m14.753s[0m [2merror=agent exited: {%RuntimeError{message: "Agent run failed for issue_id=probe-1 issue_identifier=PR...[0m
╰─
[H[2J[1m╭─ SYMPHONY STATUS[0m
[1m│ Agents: [0m[32m0[0m[90m/[0m[90m1[0m
[1m│ Throughput: [0m[36m0 tps[0m
[1m│ Runtime: [0m[35m0m 0s[0m
[1m│ Tokens: [0m[33min 0[0m[90m | [0m[33mout 0[0m[90m | [0m[33mtotal 0[0m
[1m│ Rate Limits: [0m[90munavailable[0m
[1m│ Project: [0m[36mhttps://linear.app/project/probe/issues[0m
[1m│ Dashboard: [0m[36mhttp://127.0.0.1:42825/[0m
[1m│ Next refresh: [0m[36m1s[0m
[1m├─ Running[0m
│
│   [90mID       STAGE          PID      AGE / TURN   TOKENS     SESSION        EVENT                                       [0m
│   [90m────────────────────────────────────────────────────────────────────────────────────────────────────────────────────[0m
│  [90mNo active agents[0m
│
[1m├─ Backoff queue[0m
│
│  [33m↻[0m [31mPROBE-1[0m [33mattempt=2[0m[2m in [0m[36m14.724s[0m [2merror=agent exited: {%RuntimeError{message: "Agent run failed for issue_id=probe-1 issue_identifier=PR...[0m
╰─
[H[2J[1m╭─ SYMPHONY STATUS[0m
[1m│ Agents: [0m[32m0[0m[90m/[0m[90m1[0m
[1m│ Throughput: [0m[36m0 tps[0m
[1m│ Runtime: [0m[35m0m 0s[0m
[1m│ Tokens: [0m[33min 0[0m[90m | [0m[33mout 0[0m[90m | [0m[33mtotal 0[0m
[1m│ Rate Limits: [0m[90munavailable[0m
[1m│ Project: [0m[36mhttps://linear.app/project/probe/issues[0m
[1m│ Dashboard: [0m[36mhttp://127.0.0.1:42825/[0m
[1m│ Next refresh: [0m[36mchecking now…[0m
[1m├─ Running[0m
│
│   [90mID       STAGE          PID      AGE / TURN   TOKENS     SESSION        EVENT                                       [0m
│   [90m────────────────────────────────────────────────────────────────────────────────────────────────────────────────────[0m
│  [90mNo active agents[0m
│
[1m├─ Backoff queue[0m
│
│  [33m↻[0m [31mPROBE-1[0m [33mattempt=2[0m[2m in [0m[36m14.622s[0m [2merror=agent exited: {%RuntimeError{message: "Agent run failed for issue_id=probe-1 issue_identifier=PR...[0m
╰─
[H[2J[1m╭─ SYMPHONY STATUS[0m
[1m│ Agents: [0m[32m0[0m[90m/[0m[90m1[0m
[1m│ Throughput: [0m[36m0 tps[0m
[1m│ Runtime: [0m[35m0m 0s[0m
[1m│ Tokens: [0m[33min 0[0m[90m | [0m[33mout 0[0m[90m | [0m[33mtotal 0[0m
[1m│ Rate Limits: [0m[90munavailable[0m
[1m│ Project: [0m[36mhttps://linear.app/project/probe/issues[0m
[1m│ Dashboard: [0m[36mhttp://127.0.0.1:42825/[0m
[1m│ Next refresh: [0m[36m1s[0m
[1m├─ Running[0m
│
│   [90mID       STAGE          PID      AGE / TURN   TOKENS     SESSION        EVENT                                       [0m
│   [90m────────────────────────────────────────────────────────────────────────────────────────────────────────────────────[0m
│  [90mNo active agents[0m
│
[1m├─ Backoff queue[0m
│
│  [33m↻[0m [31mPROBE-1[0m [33mattempt=2[0m[2m in [0m[36m14.598s[0m [2merror=agent exited: {%RuntimeError{message: "Agent run failed for issue_id=probe-1 issue_identifier=PR...[0m
╰─
[H[2J[1m╭─ SYMPHONY STATUS[0m
[1m│ Agents: [0m[32m0[0m[90m/[0m[90m1[0m
[1m│ Throughput: [0m[36m0 tps[0m
[1m│ Runtime: [0m[35m0m 0s[0m
[1m│ Tokens: [0m[33min 0[0m[90m | [0m[33mout 0[0m[90m | [0m[33mtotal 0[0m
[1m│ Rate Limits: [0m[90munavailable[0m
[1m│ Project: [0m[36mhttps://linear.app/project/probe/issues[0m
[1m│ Dashboard: [0m[36mhttp://127.0.0.1:42825/[0m
[1m│ Next refresh: [0m[36mchecking now…[0m
[1m├─ Running[0m
│
│   [90mID       STAGE          PID      AGE / TURN   TOKENS     SESSION        EVENT                                       [0m
│   [90m────────────────────────────────────────────────────────────────────────────────────────────────────────────────────[0m
│  [90mNo active agents[0m
│
[1m├─ Backoff queue[0m
│
│  [33m↻[0m [31mPROBE-1[0m [33mattempt=2[0m[2m in [0m[36m14.498s[0m [2merror=agent exited: {%RuntimeError{message: "Agent run failed for issue_id=probe-1 issue_identifier=PR...[0m
╰─
[H[2J[1m╭─ SYMPHONY STATUS[0m
[1m│ Agents: [0m[32m0[0m[90m/[0m[90m1[0m
[1m│ Throughput: [0m[36m0 tps[0m
[1m│ Runtime: [0m[35m0m 0s[0m
[1m│ Tokens: [0m[33min 0[0m[90m | [0m[33mout 0[0m[90m | [0m[33mtotal 0[0m
[1m│ Rate Limits: [0m[90munavailable[0m
[1m│ Project: [0m[36mhttps://linear.app/project/probe/issues[0m
[1m│ Dashboard: [0m[36mhttp://127.0.0.1:42825/[0m
[1m│ Next refresh: [0m[36m1s[0m
[1m├─ Running[0m
│
│   [90mID       STAGE          PID      AGE / TURN   TOKENS     SESSION        EVENT                                       [0m
│   [90m────────────────────────────────────────────────────────────────────────────────────────────────────────────────────[0m
│  [90mNo active agents[0m
│
[1m├─ Backoff queue[0m
│
│  [33m↻[0m [31mPROBE-1[0m [33mattempt=2[0m[2m in [0m[36m14.473s[0m [2merror=agent exited: {%RuntimeError{message: "Agent run failed for issue_id=probe-1 issue_identifier=PR...[0m
╰─
[H[2J[1m╭─ SYMPHONY STATUS[0m
[1m│ Agents: [0m[32m0[0m[90m/[0m[90m1[0m
[1m│ Throughput: [0m[36m0 tps[0m
[1m│ Runtime: [0m[35m0m 0s[0m
[1m│ Tokens: [0m[33min 0[0m[90m | [0m[33mout 0[0m[90m | [0m[33mtotal 0[0m
[1m│ Rate Limits: [0m[90munavailable[0m
[1m│ Project: [0m[36mhttps://linear.app/project/probe/issues[0m
[1m│ Dashboard: [0m[36mhttp://127.0.0.1:42825/[0m
[1m│ Next refresh: [0m[36mchecking now…[0m
[1m├─ Running[0m
│
│   [90mID       STAGE          PID      AGE / TURN   TOKENS     SESSION        EVENT                                       [0m
│   [90m────────────────────────────────────────────────────────────────────────────────────────────────────────────────────[0m
│  [90mNo active agents[0m
│
[1m├─ Backoff queue[0m
│
│  [33m↻[0m [31mPROBE-1[0m [33mattempt=2[0m[2m in [0m[36m14.371s[0m [2merror=agent exited: {%RuntimeError{message: "Agent run failed for issue_id=probe-1 issue_identifier=PR...[0m
╰─
[H[2J[1m╭─ SYMPHONY STATUS[0m
[1m│ Agents: [0m[32m0[0m[90m/[0m[90m1[0m
[1m│ Throughput: [0m[36m0 tps[0m
[1m│ Runtime: [0m[35m0m 0s[0m
[1m│ Tokens: [0m[33min 0[0m[90m | [0m[33mout 0[0m[90m | [0m[33mtotal 0[0m
[1m│ Rate Limits: [0m[90munavailable[0m
[1m│ Project: [0m[36mhttps://linear.app/project/probe/issues[0m
[1m│ Dashboard: [0m[36mhttp://127.0.0.1:42825/[0m
[1m│ Next refresh: [0m[36m1s[0m
[1m├─ Running[0m
│
│   [90mID       STAGE          PID      AGE / TURN   TOKENS     SESSION        EVENT                                       [0m
│   [90m────────────────────────────────────────────────────────────────────────────────────────────────────────────────────[0m
│  [90mNo active agents[0m
│
[1m├─ Backoff queue[0m
│
│  [33m↻[0m [31mPROBE-1[0m [33mattempt=2[0m[2m in [0m[36m14.338s[0m [2merror=agent exited: {%RuntimeError{message: "Agent run failed for issue_id=probe-1 issue_identifier=PR...[0m
╰─
[H[2J[1m╭─ SYMPHONY STATUS[0m
[1m│ Agents: [0m[32m0[0m[90m/[0m[90m1[0m
[1m│ Throughput: [0m[36m0 tps[0m
[1m│ Runtime: [0m[35m0m 0s[0m
[1m│ Tokens: [0m[33min 0[0m[90m | [0m[33mout 0[0m[90m | [0m[33mtotal 0[0m
[1m│ Rate Limits: [0m[90munavailable[0m
[1m│ Project: [0m[36mhttps://linear.app/project/probe/issues[0m
[1m│ Dashboard: [0m[36mhttp://127.0.0.1:42825/[0m
[1m│ Next refresh: [0m[36mchecking now…[0m
[1m├─ Running[0m
│
│   [90mID       STAGE          PID      AGE / TURN   TOKENS     SESSION        EVENT                                       [0m
│   [90m────────────────────────────────────────────────────────────────────────────────────────────────────────────────────[0m
│  [90mNo active agents[0m
│
[1m├─ Backoff queue[0m
│
│  [33m↻[0m [31mPROBE-1[0m [33mattempt=2[0m[2m in [0m[36m14.236s[0m [2merror=agent exited: {%RuntimeError{message: "Agent run failed for issue_id=probe-1 issue_identifier=PR...[0m
╰─
[H[2J[1m╭─ SYMPHONY STATUS[0m
[1m│ Agents: [0m[32m0[0m[90m/[0m[90m1[0m
[1m│ Throughput: [0m[36m0 tps[0m
[1m│ Runtime: [0m[35m0m 0s[0m
[1m│ Tokens: [0m[33min 0[0m[90m | [0m[33mout 0[0m[90m | [0m[33mtotal 0[0m
[1m│ Rate Limits: [0m[90munavailable[0m
[1m│ Project: [0m[36mhttps://linear.app/project/probe/issues[0m
[1m│ Dashboard: [0m[36mhttp://127.0.0.1:42825/[0m
[1m│ Next refresh: [0m[36m1s[0m
[1m├─ Running[0m
│
│   [90mID       STAGE          PID      AGE / TURN   TOKENS     SESSION        EVENT                                       [0m
│   [90m────────────────────────────────────────────────────────────────────────────────────────────────────────────────────[0m
│  [90mNo active agents[0m
│
[1m├─ Backoff queue[0m
│
│  [33m↻[0m [31mPROBE-1[0m [33mattempt=2[0m[2m in [0m[36m14.212s[0m [2merror=agent exited: {%RuntimeError{message: "Agent run failed for issue_id=probe-1 issue_identifier=PR...[0m
╰─
[H[2J[1m╭─ SYMPHONY STATUS[0m
[1m│ Agents: [0m[32m0[0m[90m/[0m[90m1[0m
[1m│ Throughput: [0m[36m0 tps[0m
[1m│ Runtime: [0m[35m0m 0s[0m
[1m│ Tokens: [0m[33min 0[0m[90m | [0m[33mout 0[0m[90m | [0m[33mtotal 0[0m
[1m│ Rate Limits: [0m[90munavailable[0m
[1m│ Project: [0m[36mhttps://linear.app/project/probe/issues[0m
[1m│ Dashboard: [0m[36mhttp://127.0.0.1:42825/[0m
[1m│ Next refresh: [0m[36mchecking now…[0m
[1m├─ Running[0m
│
│   [90mID       STAGE          PID      AGE / TURN   TOKENS     SESSION        EVENT                                       [0m
│   [90m────────────────────────────────────────────────────────────────────────────────────────────────────────────────────[0m
│  [90mNo active agents[0m
│
[1m├─ Backoff queue[0m
│
│  [33m↻[0m [31mPROBE-1[0m [33mattempt=2[0m[2m in [0m[36m14.109s[0m [2merror=agent exited: {%RuntimeError{message: "Agent run failed for issue_id=probe-1 issue_identifier=PR...[0m
╰─
[H[2J[1m╭─ SYMPHONY STATUS[0m
[1m│ Agents: [0m[32m0[0m[90m/[0m[90m1[0m
[1m│ Throughput: [0m[36m0 tps[0m
[1m│ Runtime: [0m[35m0m 0s[0m
[1m│ Tokens: [0m[33min 0[0m[90m | [0m[33mout 0[0m[90m | [0m[33mtotal 0[0m
[1m│ Rate Limits: [0m[90munavailable[0m
[1m│ Project: [0m[36mhttps://linear.app/project/probe/issues[0m
[1m│ Dashboard: [0m[36mhttp://127.0.0.1:42825/[0m
[1m│ Next refresh: [0m[36m1s[0m
[1m├─ Running[0m
│
│   [90mID       STAGE          PID      AGE / TURN   TOKENS     SESSION        EVENT                                       [0m
│   [90m────────────────────────────────────────────────────────────────────────────────────────────────────────────────────[0m
│  [90mNo active agents[0m
│
[1m├─ Backoff queue[0m
│
│  [33m↻[0m [31mPROBE-1[0m [33mattempt=2[0m[2m in [0m[36m14.084s[0m [2merror=agent exited: {%RuntimeError{message: "Agent run failed for issue_id=probe-1 issue_identifier=PR...[0m
╰─
[H[2J[1m╭─ SYMPHONY STATUS[0m
[1m│ Agents: [0m[32m0[0m[90m/[0m[90m1[0m
[1m│ Throughput: [0m[36m0 tps[0m
[1m│ Runtime: [0m[35m0m 0s[0m
[1m│ Tokens: [0m[33min 0[0m[90m | [0m[33mout 0[0m[90m | [0m[33mtotal 0[0m
[1m│ Rate Limits: [0m[90munavailable[0m
[1m│ Project: [0m[36mhttps://linear.app/project/probe/issues[0m
[1m│ Dashboard: [0m[36mhttp://127.0.0.1:42825/[0m
[1m│ Next refresh: [0m[36m1s[0m
[1m├─ Running[0m
│
│   [90mID       STAGE          PID      AGE / TURN   TOKENS     SESSION        EVENT                                       [0m
│   [90m────────────────────────────────────────────────────────────────────────────────────────────────────────────────────[0m
│  [90mNo active agents[0m
│
[1m├─ Backoff queue[0m
│
│  [33m↻[0m [31mPROBE-1[0m [33mattempt=2[0m[2m in [0m[36m14.063s[0m [2merror=agent exited: {%RuntimeError{message: "Agent run failed for issue_id=probe-1 issue_identifier=PR...[0m
╰─
[H[2J[1m╭─ SYMPHONY STATUS[0m
[1m│ Agents: [0m[32m0[0m[90m/[0m[90m1[0m
[1m│ Throughput: [0m[36m0 tps[0m
[1m│ Runtime: [0m[35m0m 0s[0m
[1m│ Tokens: [0m[33min 0[0m[90m | [0m[33mout 0[0m[90m | [0m[33mtotal 0[0m
[1m│ Rate Limits: [0m[90munavailable[0m
[1m│ Project: [0m[36mhttps://linear.app/project/probe/issues[0m
[1m│ Dashboard: [0m[36mhttp://127.0.0.1:42825/[0m
[1m│ Next refresh: [0m[36mchecking now…[0m
[1m├─ Running[0m
│
│   [90mID       STAGE          PID      AGE / TURN   TOKENS     SESSION        EVENT                                       [0m
│   [90m────────────────────────────────────────────────────────────────────────────────────────────────────────────────────[0m
│  [90mNo active agents[0m
│
[1m├─ Backoff queue[0m
│
│  [33m↻[0m [31mPROBE-1[0m [33mattempt=2[0m[2m in [0m[36m13.983s[0m [2merror=agent exited: {%RuntimeError{message: "Agent run failed for issue_id=probe-1 issue_identifier=PR...[0m
╰─
[H[2J[1m╭─ SYMPHONY STATUS[0m
[1m│ Agents: [0m[32m0[0m[90m/[0m[90m1[0m
[1m│ Throughput: [0m[36m0 tps[0m
[1m│ Runtime: [0m[35m0m 0s[0m
[1m│ Tokens: [0m[33min 0[0m[90m | [0m[33mout 0[0m[90m | [0m[33mtotal 0[0m
[1m│ Rate Limits: [0m[90munavailable[0m
[1m│ Project: [0m[36mhttps://linear.app/project/probe/issues[0m
[1m│ Dashboard: [0m[36mhttp://127.0.0.1:42825/[0m
[1m│ Next refresh: [0m[36m1s[0m
[1m├─ Running[0m
│
│   [90mID       STAGE          PID      AGE / TURN   TOKENS     SESSION        EVENT                                       [0m
│   [90m────────────────────────────────────────────────────────────────────────────────────────────────────────────────────[0m
│  [90mNo active agents[0m
│
[1m├─ Backoff queue[0m
│
│  [33m↻[0m [31mPROBE-1[0m [33mattempt=2[0m[2m in [0m[36m13.956s[0m [2merror=agent exited: {%RuntimeError{message: "Agent run failed for issue_id=probe-1 issue_identifier=PR...[0m
╰─
[H[2J[1m╭─ SYMPHONY STATUS[0m
[1m│ Agents: [0m[32m0[0m[90m/[0m[90m1[0m
[1m│ Throughput: [0m[36m0 tps[0m
[1m│ Runtime: [0m[35m0m 0s[0m
[1m│ Tokens: [0m[33min 0[0m[90m | [0m[33mout 0[0m[90m | [0m[33mtotal 0[0m
[1m│ Rate Limits: [0m[90munavailable[0m
[1m│ Project: [0m[36mhttps://linear.app/project/probe/issues[0m
[1m│ Dashboard: [0m[36mhttp://127.0.0.1:42825/[0m
[1m│ Next refresh: [0m[36mchecking now…[0m
[1m├─ Running[0m
│
│   [90mID       STAGE          PID      AGE / TURN   TOKENS     SESSION        EVENT                                       [0m
│   [90m────────────────────────────────────────────────────────────────────────────────────────────────────────────────────[0m
│  [90mNo active agents[0m
│
[1m├─ Backoff queue[0m
│
│  [33m↻[0m [31mPROBE-1[0m [33mattempt=2[0m[2m in [0m[36m13.856s[0m [2merror=agent exited: {%RuntimeError{message: "Agent run failed for issue_id=probe-1 issue_identifier=PR...[0m
╰─
[H[2J[1m╭─ SYMPHONY STATUS[0m
[1m│ Agents: [0m[32m0[0m[90m/[0m[90m1[0m
[1m│ Throughput: [0m[36m0 tps[0m
[1m│ Runtime: [0m[35m0m 0s[0m
[1m│ Tokens: [0m[33min 0[0m[90m | [0m[33mout 0[0m[90m | [0m[33mtotal 0[0m
[1m│ Rate Limits: [0m[90munavailable[0m
[1m│ Project: [0m[36mhttps://linear.app/project/probe/issues[0m
[1m│ Dashboard: [0m[36mhttp://127.0.0.1:42825/[0m
[1m│ Next refresh: [0m[36m1s[0m
[1m├─ Running[0m
│
│   [90mID       STAGE          PID      AGE / TURN   TOKENS     SESSION        EVENT                                       [0m
│   [90m────────────────────────────────────────────────────────────────────────────────────────────────────────────────────[0m
│  [90mNo active agents[0m
│
[1m├─ Backoff queue[0m
│
│  [33m↻[0m [31mPROBE-1[0m [33mattempt=2[0m[2m in [0m[36m13.827s[0m [2merror=agent exited: {%RuntimeError{message: "Agent run failed for issue_id=probe-1 issue_identifier=PR...[0m
╰─
[H[2J[1m╭─ SYMPHONY STATUS[0m
[1m│ Agents: [0m[32m0[0m[90m/[0m[90m1[0m
[1m│ Throughput: [0m[36m0 tps[0m
[1m│ Runtime: [0m[35m0m 0s[0m
[1m│ Tokens: [0m[33min 0[0m[90m | [0m[33mout 0[0m[90m | [0m[33mtotal 0[0m
[1m│ Rate Limits: [0m[90munavailable[0m
[1m│ Project: [0m[36mhttps://linear.app/project/probe/issues[0m
[1m│ Dashboard: [0m[36mhttp://127.0.0.1:42825/[0m
[1m│ Next refresh: [0m[36mchecking now…[0m
[1m├─ Running[0m
│
│   [90mID       STAGE          PID      AGE / TURN   TOKENS     SESSION        EVENT                                       [0m
│   [90m────────────────────────────────────────────────────────────────────────────────────────────────────────────────────[0m
│  [90mNo active agents[0m
│
[1m├─ Backoff queue[0m
│
│  [33m↻[0m [31mPROBE-1[0m [33mattempt=2[0m[2m in [0m[36m13.726s[0m [2merror=agent exited: {%RuntimeError{message: "Agent run failed for issue_id=probe-1 issue_identifier=PR...[0m
╰─
[H[2J[1m╭─ SYMPHONY STATUS[0m
[1m│ Agents: [0m[32m0[0m[90m/[0m[90m1[0m
[1m│ Throughput: [0m[36m0 tps[0m
[1m│ Runtime: [0m[35m0m 0s[0m
[1m│ Tokens: [0m[33min 0[0m[90m | [0m[33mout 0[0m[90m | [0m[33mtotal 0[0m
[1m│ Rate Limits: [0m[90munavailable[0m
[1m│ Project: [0m[36mhttps://linear.app/project/probe/issues[0m
[1m│ Dashboard: [0m[36mhttp://127.0.0.1:42825/[0m
[1m│ Next refresh: [0m[36m1s[0m
[1m├─ Running[0m
│
│   [90mID       STAGE          PID      AGE / TURN   TOKENS     SESSION        EVENT                                       [0m
│   [90m────────────────────────────────────────────────────────────────────────────────────────────────────────────────────[0m
│  [90mNo active agents[0m
│
[1m├─ Backoff queue[0m
│
│  [33m↻[0m [31mPROBE-1[0m [33mattempt=2[0m[2m in [0m[36m13.699s[0m [2merror=agent exited: {%RuntimeError{message: "Agent run failed for issue_id=probe-1 issue_identifier=PR...[0m
╰─
[H[2J[1m╭─ SYMPHONY STATUS[0m
[1m│ Agents: [0m[32m0[0m[90m/[0m[90m1[0m
[1m│ Throughput: [0m[36m0 tps[0m
[1m│ Runtime: [0m[35m0m 0s[0m
[1m│ Tokens: [0m[33min 0[0m[90m | [0m[33mout 0[0m[90m | [0m[33mtotal 0[0m
[1m│ Rate Limits: [0m[90munavailable[0m
[1m│ Project: [0m[36mhttps://linear.app/project/probe/issues[0m
[1m│ Dashboard: [0m[36mhttp://127.0.0.1:42825/[0m
[1m│ Next refresh: [0m[36mchecking now…[0m
[1m├─ Running[0m
│
│   [90mID       STAGE          PID      AGE / TURN   TOKENS     SESSION        EVENT                                       [0m
│   [90m────────────────────────────────────────────────────────────────────────────────────────────────────────────────────[0m
│  [90mNo active agents[0m
│
[1m├─ Backoff queue[0m
│
│  [33m↻[0m [31mPROBE-1[0m [33mattempt=2[0m[2m in [0m[36m13.598s[0m [2merror=agent exited: {%RuntimeError{message: "Agent run failed for issue_id=probe-1 issue_identifier=PR...[0m
╰─
[H[2J[1m╭─ SYMPHONY STATUS[0m
[1m│ Agents: [0m[32m0[0m[90m/[0m[90m1[0m
[1m│ Throughput: [0m[36m0 tps[0m
[1m│ Runtime: [0m[35m0m 0s[0m
[1m│ Tokens: [0m[33min 0[0m[90m | [0m[33mout 0[0m[90m | [0m[33mtotal 0[0m
[1m│ Rate Limits: [0m[90munavailable[0m
[1m│ Project: [0m[36mhttps://linear.app/project/probe/issues[0m
[1m│ Dashboard: [0m[36mhttp://127.0.0.1:42825/[0m
[1m│ Next refresh: [0m[36m1s[0m
[1m├─ Running[0m
│
│   [90mID       STAGE          PID      AGE / TURN   TOKENS     SESSION        EVENT                                       [0m
│   [90m────────────────────────────────────────────────────────────────────────────────────────────────────────────────────[0m
│  [90mNo active agents[0m
│
[1m├─ Backoff queue[0m
│
│  [33m↻[0m [31mPROBE-1[0m [33mattempt=2[0m[2m in [0m[36m13.573s[0m [2merror=agent exited: {%RuntimeError{message: "Agent run failed for issue_id=probe-1 issue_identifier=PR...[0m
╰─
[H[2J[1m╭─ SYMPHONY STATUS[0m
[1m│ Agents: [0m[32m0[0m[90m/[0m[90m1[0m
[1m│ Throughput: [0m[36m0 tps[0m
[1m│ Runtime: [0m[35m0m 0s[0m
[1m│ Tokens: [0m[33min 0[0m[90m | [0m[33mout 0[0m[90m | [0m[33mtotal 0[0m
[1m│ Rate Limits: [0m[90munavailable[0m
[1m│ Project: [0m[36mhttps://linear.app/project/probe/issues[0m
[1m│ Dashboard: [0m[36mhttp://127.0.0.1:42825/[0m
[1m│ Next refresh: [0m[36mchecking now…[0m
[1m├─ Running[0m
│
│   [90mID       STAGE          PID      AGE / TURN   TOKENS     SESSION        EVENT                                       [0m
│   [90m────────────────────────────────────────────────────────────────────────────────────────────────────────────────────[0m
│  [90mNo active agents[0m
│
[1m├─ Backoff queue[0m
│
│  [33m↻[0m [31mPROBE-1[0m [33mattempt=2[0m[2m in [0m[36m13.472s[0m [2merror=agent exited: {%RuntimeError{message: "Agent run failed for issue_id=probe-1 issue_identifier=PR...[0m
╰─
[H[2J[1m╭─ SYMPHONY STATUS[0m
[1m│ Agents: [0m[32m0[0m[90m/[0m[90m1[0m
[1m│ Throughput: [0m[36m0 tps[0m
[1m│ Runtime: [0m[35m0m 0s[0m
[1m│ Tokens: [0m[33min 0[0m[90m | [0m[33mout 0[0m[90m | [0m[33mtotal 0[0m
[1m│ Rate Limits: [0m[90munavailable[0m
[1m│ Project: [0m[36mhttps://linear.app/project/probe/issues[0m
[1m│ Dashboard: [0m[36mhttp://127.0.0.1:42825/[0m
[1m│ Next refresh: [0m[36m1s[0m
[1m├─ Running[0m
│
│   [90mID       STAGE          PID      AGE / TURN   TOKENS     SESSION        EVENT                                       [0m
│   [90m────────────────────────────────────────────────────────────────────────────────────────────────────────────────────[0m
│  [90mNo active agents[0m
│
[1m├─ Backoff queue[0m
│
│  [33m↻[0m [31mPROBE-1[0m [33mattempt=2[0m[2m in [0m[36m13.443s[0m [2merror=agent exited: {%RuntimeError{message: "Agent run failed for issue_id=probe-1 issue_identifier=PR...[0m
╰─
[H[2J[1m╭─ SYMPHONY STATUS[0m
[1m│ Agents: [0m[32m0[0m[90m/[0m[90m1[0m
[1m│ Throughput: [0m[36m0 tps[0m
[1m│ Runtime: [0m[35m0m 0s[0m
[1m│ Tokens: [0m[33min 0[0m[90m | [0m[33mout 0[0m[90m | [0m[33mtotal 0[0m
[1m│ Rate Limits: [0m[90munavailable[0m
[1m│ Project: [0m[36mhttps://linear.app/project/probe/issues[0m
[1m│ Dashboard: [0m[36mhttp://127.0.0.1:42825/[0m
[1m│ Next refresh: [0m[36mchecking now…[0m
[1m├─ Running[0m
│
│   [90mID       STAGE          PID      AGE / TURN   TOKENS     SESSION        EVENT                                       [0m
│   [90m────────────────────────────────────────────────────────────────────────────────────────────────────────────────────[0m
│  [90mNo active agents[0m
│
[1m├─ Backoff queue[0m
│
│  [33m↻[0m [31mPROBE-1[0m [33mattempt=2[0m[2m in [0m[36m13.342s[0m [2merror=agent exited: {%RuntimeError{message: "Agent run failed for issue_id=probe-1 issue_identifier=PR...[0m
╰─
[H[2J[1m╭─ SYMPHONY STATUS[0m
[1m│ Agents: [0m[32m0[0m[90m/[0m[90m1[0m
[1m│ Throughput: [0m[36m0 tps[0m
[1m│ Runtime: [0m[35m0m 0s[0m
[1m│ Tokens: [0m[33min 0[0m[90m | [0m[33mout 0[0m[90m | [0m[33mtotal 0[0m
[1m│ Rate Limits: [0m[90munavailable[0m
[1m│ Project: [0m[36mhttps://linear.app/project/probe/issues[0m
[1m│ Dashboard: [0m[36mhttp://127.0.0.1:42825/[0m
[1m│ Next refresh: [0m[36m1s[0m
[1m├─ Running[0m
│
│   [90mID       STAGE          PID      AGE / TURN   TOKENS     SESSION        EVENT                                       [0m
│   [90m────────────────────────────────────────────────────────────────────────────────────────────────────────────────────[0m
│  [90mNo active agents[0m
│
[1m├─ Backoff queue[0m
│
│  [33m↻[0m [31mPROBE-1[0m [33mattempt=2[0m[2m in [0m[36m13.316s[0m [2merror=agent exited: {%RuntimeError{message: "Agent run failed for issue_id=probe-1 issue_identifier=PR...[0m
╰─
[H[2J[1m╭─ SYMPHONY STATUS[0m
[1m│ Agents: [0m[32m0[0m[90m/[0m[90m1[0m
[1m│ Throughput: [0m[36m0 tps[0m
[1m│ Runtime: [0m[35m0m 0s[0m
[1m│ Tokens: [0m[33min 0[0m[90m | [0m[33mout 0[0m[90m | [0m[33mtotal 0[0m
[1m│ Rate Limits: [0m[90munavailable[0m
[1m│ Project: [0m[36mhttps://linear.app/project/probe/issues[0m
[1m│ Dashboard: [0m[36mhttp://127.0.0.1:42825/[0m
[1m│ Next refresh: [0m[36mchecking now…[0m
[1m├─ Running[0m
│
│   [90mID       STAGE          PID      AGE / TURN   TOKENS     SESSION        EVENT                                       [0m
│   [90m────────────────────────────────────────────────────────────────────────────────────────────────────────────────────[0m
│  [90mNo active agents[0m
│
[1m├─ Backoff queue[0m
│
│  [33m↻[0m [31mPROBE-1[0m [33mattempt=2[0m[2m in [0m[36m13.215s[0m [2merror=agent exited: {%RuntimeError{message: "Agent run failed for issue_id=probe-1 issue_identifier=PR...[0m
╰─
[H[2J[1m╭─ SYMPHONY STATUS[0m
[1m│ Agents: [0m[32m0[0m[90m/[0m[90m1[0m
[1m│ Throughput: [0m[36m0 tps[0m
[1m│ Runtime: [0m[35m0m 0s[0m
[1m│ Tokens: [0m[33min 0[0m[90m | [0m[33mout 0[0m[90m | [0m[33mtotal 0[0m
[1m│ Rate Limits: [0m[90munavailable[0m
[1m│ Project: [0m[36mhttps://linear.app/project/probe/issues[0m
[1m│ Dashboard: [0m[36mhttp://127.0.0.1:42825/[0m
[1m│ Next refresh: [0m[36m1s[0m
[1m├─ Running[0m
│
│   [90mID       STAGE          PID      AGE / TURN   TOKENS     SESSION        EVENT                                       [0m
│   [90m────────────────────────────────────────────────────────────────────────────────────────────────────────────────────[0m
│  [90mNo active agents[0m
│
[1m├─ Backoff queue[0m
│
│  [33m↻[0m [31mPROBE-1[0m [33mattempt=2[0m[2m in [0m[36m13.181s[0m [2merror=agent exited: {%RuntimeError{message: "Agent run failed for issue_id=probe-1 issue_identifier=PR...[0m
╰─
[H[2J[1m╭─ SYMPHONY STATUS[0m
[1m│ Agents: [0m[32m0[0m[90m/[0m[90m1[0m
[1m│ Throughput: [0m[36m0 tps[0m
[1m│ Runtime: [0m[35m0m 0s[0m
[1m│ Tokens: [0m[33min 0[0m[90m | [0m[33mout 0[0m[90m | [0m[33mtotal 0[0m
[1m│ Rate Limits: [0m[90munavailable[0m
[1m│ Project: [0m[36mhttps://linear.app/project/probe/issues[0m
[1m│ Dashboard: [0m[36mhttp://127.0.0.1:42825/[0m
[1m│ Next refresh: [0m[36mchecking now…[0m
[1m├─ Running[0m
│
│   [90mID       STAGE          PID      AGE / TURN   TOKENS     SESSION        EVENT                                       [0m
│   [90m────────────────────────────────────────────────────────────────────────────────────────────────────────────────────[0m
│  [90mNo active agents[0m
│
[1m├─ Backoff queue[0m
│
│  [33m↻[0m [31mPROBE-1[0m [33mattempt=2[0m[2m in [0m[36m13.078s[0m [2merror=agent exited: {%RuntimeError{message: "Agent run failed for issue_id=probe-1 issue_identifier=PR...[0m
╰─
[H[2J[1m╭─ SYMPHONY STATUS[0m
[1m│ Agents: [0m[32m0[0m[90m/[0m[90m1[0m
[1m│ Throughput: [0m[36m0 tps[0m
[1m│ Runtime: [0m[35m0m 0s[0m
[1m│ Tokens: [0m[33min 0[0m[90m | [0m[33mout 0[0m[90m | [0m[33mtotal 0[0m
[1m│ Rate Limits: [0m[90munavailable[0m
[1m│ Project: [0m[36mhttps://linear.app/project/probe/issues[0m
[1m│ Dashboard: [0m[36mhttp://127.0.0.1:42825/[0m
[1m│ Next refresh: [0m[36m1s[0m
[1m├─ Running[0m
│
│   [90mID       STAGE          PID      AGE / TURN   TOKENS     SESSION        EVENT                                       [0m
│   [90m────────────────────────────────────────────────────────────────────────────────────────────────────────────────────[0m
│  [90mNo active agents[0m
│
[1m├─ Backoff queue[0m
│
│  [33m↻[0m [31mPROBE-1[0m [33mattempt=2[0m[2m in [0m[36m13.049s[0m [2merror=agent exited: {%RuntimeError{message: "Agent run failed for issue_id=probe-1 issue_identifier=PR...[0m
╰─
[H[2J[1m╭─ SYMPHONY STATUS[0m
[1m│ Agents: [0m[32m0[0m[90m/[0m[90m1[0m
[1m│ Throughput: [0m[36m0 tps[0m
[1m│ Runtime: [0m[35m0m 0s[0m
[1m│ Tokens: [0m[33min 0[0m[90m | [0m[33mout 0[0m[90m | [0m[33mtotal 0[0m
[1m│ Rate Limits: [0m[90munavailable[0m
[1m│ Project: [0m[36mhttps://linear.app/project/probe/issues[0m
[1m│ Dashboard: [0m[36mhttp://127.0.0.1:42825/[0m
[1m│ Next refresh: [0m[36m1s[0m
[1m├─ Running[0m
│
│   [90mID       STAGE          PID      AGE / TURN   TOKENS     SESSION        EVENT                                       [0m
│   [90m────────────────────────────────────────────────────────────────────────────────────────────────────────────────────[0m
│  [90mNo active agents[0m
│
[1m├─ Backoff queue[0m
│
│  [33m↻[0m [31mPROBE-1[0m [33mattempt=2[0m[2m in [0m[36m13.041s[0m [2merror=agent exited: {%RuntimeError{message: "Agent run failed for issue_id=probe-1 issue_identifier=PR...[0m
╰─
[H[2J[1m╭─ SYMPHONY STATUS[0m
[1m│ Agents: [0m[32m0[0m[90m/[0m[90m1[0m
[1m│ Throughput: [0m[36m0 tps[0m
[1m│ Runtime: [0m[35m0m 0s[0m
[1m│ Tokens: [0m[33min 0[0m[90m | [0m[33mout 0[0m[90m | [0m[33mtotal 0[0m
[1m│ Rate Limits: [0m[90munavailable[0m
[1m│ Project: [0m[36mhttps://linear.app/project/probe/issues[0m
[1m│ Dashboard: [0m[36mhttp://127.0.0.1:42825/[0m
[1m│ Next refresh: [0m[36mchecking now…[0m
[1m├─ Running[0m
│
│   [90mID       STAGE          PID      AGE / TURN   TOKENS     SESSION        EVENT                                       [0m
│   [90m────────────────────────────────────────────────────────────────────────────────────────────────────────────────────[0m
│  [90mNo active agents[0m
│
[1m├─ Backoff queue[0m
│
│  [33m↻[0m [31mPROBE-1[0m [33mattempt=2[0m[2m in [0m[36m12.941s[0m [2merror=agent exited: {%RuntimeError{message: "Agent run failed for issue_id=probe-1 issue_identifier=PR...[0m
╰─
[H[2J[1m╭─ SYMPHONY STATUS[0m
[1m│ Agents: [0m[32m0[0m[90m/[0m[90m1[0m
[1m│ Throughput: [0m[36m0 tps[0m
[1m│ Runtime: [0m[35m0m 0s[0m
[1m│ Tokens: [0m[33min 0[0m[90m | [0m[33mout 0[0m[90m | [0m[33mtotal 0[0m
[1m│ Rate Limits: [0m[90munavailable[0m
[1m│ Project: [0m[36mhttps://linear.app/project/probe/issues[0m
[1m│ Dashboard: [0m[36mhttp://127.0.0.1:42825/[0m
[1m│ Next refresh: [0m[36m1s[0m
[1m├─ Running[0m
│
│   [90mID       STAGE          PID      AGE / TURN   TOKENS     SESSION        EVENT                                       [0m
│   [90m────────────────────────────────────────────────────────────────────────────────────────────────────────────────────[0m
│  [90mNo active agents[0m
│
[1m├─ Backoff queue[0m
│
│  [33m↻[0m [31mPROBE-1[0m [33mattempt=2[0m[2m in [0m[36m12.919s[0m [2merror=agent exited: {%RuntimeError{message: "Agent run failed for issue_id=probe-1 issue_identifier=PR...[0m
╰─
[H[2J[1m╭─ SYMPHONY STATUS[0m
[1m│ Agents: [0m[32m0[0m[90m/[0m[90m1[0m
[1m│ Throughput: [0m[36m0 tps[0m
[1m│ Runtime: [0m[35m0m 0s[0m
[1m│ Tokens: [0m[33min 0[0m[90m | [0m[33mout 0[0m[90m | [0m[33mtotal 0[0m
[1m│ Rate Limits: [0m[90munavailable[0m
[1m│ Project: [0m[36mhttps://linear.app/project/probe/issues[0m
[1m│ Dashboard: [0m[36mhttp://127.0.0.1:42825/[0m
[1m│ Next refresh: [0m[36mchecking now…[0m
[1m├─ Running[0m
│
│   [90mID       STAGE          PID      AGE / TURN   TOKENS     SESSION        EVENT                                       [0m
│   [90m────────────────────────────────────────────────────────────────────────────────────────────────────────────────────[0m
│  [90mNo active agents[0m
│
[1m├─ Backoff queue[0m
│
│  [33m↻[0m [31mPROBE-1[0m [33mattempt=2[0m[2m in [0m[36m12.817s[0m [2merror=agent exited: {%RuntimeError{message: "Agent run failed for issue_id=probe-1 issue_identifier=PR...[0m
╰─
[H[2J[1m╭─ SYMPHONY STATUS[0m
[1m│ Agents: [0m[32m0[0m[90m/[0m[90m1[0m
[1m│ Throughput: [0m[36m0 tps[0m
[1m│ Runtime: [0m[35m0m 0s[0m
[1m│ Tokens: [0m[33min 0[0m[90m | [0m[33mout 0[0m[90m | [0m[33mtotal 0[0m
[1m│ Rate Limits: [0m[90munavailable[0m
[1m│ Project: [0m[36mhttps://linear.app/project/probe/issues[0m
[1m│ Dashboard: [0m[36mhttp://127.0.0.1:42825/[0m
[1m│ Next refresh: [0m[36m1s[0m
[1m├─ Running[0m
│
│   [90mID       STAGE          PID      AGE / TURN   TOKENS     SESSION        EVENT                                       [0m
│   [90m────────────────────────────────────────────────────────────────────────────────────────────────────────────────────[0m
│  [90mNo active agents[0m
│
[1m├─ Backoff queue[0m
│
│  [33m↻[0m [31mPROBE-1[0m [33mattempt=2[0m[2m in [0m[36m12.790s[0m [2merror=agent exited: {%RuntimeError{message: "Agent run failed for issue_id=probe-1 issue_identifier=PR...[0m
╰─
[H[2J[1m╭─ SYMPHONY STATUS[0m
[1m│ Agents: [0m[32m0[0m[90m/[0m[90m1[0m
[1m│ Throughput: [0m[36m0 tps[0m
[1m│ Runtime: [0m[35m0m 0s[0m
[1m│ Tokens: [0m[33min 0[0m[90m | [0m[33mout 0[0m[90m | [0m[33mtotal 0[0m
[1m│ Rate Limits: [0m[90munavailable[0m
[1m│ Project: [0m[36mhttps://linear.app/project/probe/issues[0m
[1m│ Dashboard: [0m[36mhttp://127.0.0.1:42825/[0m
[1m│ Next refresh: [0m[36mchecking now…[0m
[1m├─ Running[0m
│
│   [90mID       STAGE          PID      AGE / TURN   TOKENS     SESSION        EVENT                                       [0m
│   [90m────────────────────────────────────────────────────────────────────────────────────────────────────────────────────[0m
│  [90mNo active agents[0m
│
[1m├─ Backoff queue[0m
│
│  [33m↻[0m [31mPROBE-1[0m [33mattempt=2[0m[2m in [0m[36m12.688s[0m [2merror=agent exited: {%RuntimeError{message: "Agent run failed for issue_id=probe-1 issue_identifier=PR...[0m
╰─
[H[2J[1m╭─ SYMPHONY STATUS[0m
[1m│ Agents: [0m[32m0[0m[90m/[0m[90m1[0m
[1m│ Throughput: [0m[36m0 tps[0m
[1m│ Runtime: [0m[35m0m 0s[0m
[1m│ Tokens: [0m[33min 0[0m[90m | [0m[33mout 0[0m[90m | [0m[33mtotal 0[0m
[1m│ Rate Limits: [0m[90munavailable[0m
[1m│ Project: [0m[36mhttps://linear.app/project/probe/issues[0m
[1m│ Dashboard: [0m[36mhttp://127.0.0.1:42825/[0m
[1m│ Next refresh: [0m[36m1s[0m
[1m├─ Running[0m
│
│   [90mID       STAGE          PID      AGE / TURN   TOKENS     SESSION        EVENT                                       [0m
│   [90m────────────────────────────────────────────────────────────────────────────────────────────────────────────────────[0m
│  [90mNo active agents[0m
│
[1m├─ Backoff queue[0m
│
│  [33m↻[0m [31mPROBE-1[0m [33mattempt=2[0m[2m in [0m[36m12.659s[0m [2merror=agent exited: {%RuntimeError{message: "Agent run failed for issue_id=probe-1 issue_identifier=PR...[0m
╰─
[H[2J[1m╭─ SYMPHONY STATUS[0m
[31m│ app_status=offline[0m
╰─
